order_id,customer_name,product,quantity,unit_price,region,status,order_date,sales_rep
ORD-00001,Aryan Maharaj,Phone,5,9494.76,North,pending,2025-05-27,Girik Pradhan
ORD-00002,Udant Dewan,Laptop,5,7755.02,East,cancelled,2025-06-19,Qadim Comar
ORD-00003,Gagan Sami,Camera,10,2792.63,South,cancelled,2025-11-05,Mugdha Shan
ORD-00004,Ayushman Chander,Headphones,10,2264.92,Central,pending,2025-07-21,Lekha Sridhar
ORD-00005,Viraj Tiwari,Headphones,8,5805.94,Central,completed,2026-01-27,Ojas Chowdhury
ORD-00006,Rushil Saini,Tablet,3,6256.46,Central,completed,2025-12-31,Daniel Dutta
ORD-00007,Saumya Mall,Phone,8,495.8,South,returned,2025-12-15,Omaja Subramanian
ORD-00008,Nathaniel Sami,Speaker,9,8911.17,West,completed,2025-08-06,Pratyush Raghavan
ORD-00009,Arunima Dugal,Phone,8,5545.66,East,cancelled,2026-03-09,Ayush De
ORD-00010,Gayathri Chaudry,Charger,6,6489.69,North,cancelled,2025-11-04,Vinaya Chowdhury
ORD-00011,Lajita Chatterjee,Monitor,6,999999.99,South,cancelled,2025-03-30,Ridhi Batra
ORD-00012,Hemangini Lalla,Laptop,9,2598.8,West,pending,2025-12-18,Advika Murthy
ORD-00013,Tripti Yadav,Laptop,9,8111.02,West,completed,2025-12-17,Udarsh Nigam
ORD-00014,Kritika Brar,Phone,7,4178.71,North,completed,2025-08-03,Rachita Kothari
ORD-00015,Janaki Handa,Headphones,8,4643.73,South,completed,2025-10-26,Hiral Rajan
ORD-00016,Chakradev Kari,Headphones,6,6947.41,West,completed,2025-10-24,Chatura Apte
ORD-00017,Fariq Kaul,Speaker,4,1748.19,Central,returned,2025-05-14,Yashasvi Singh
ORD-00018,Lajita Mall,Charger,4,4272.09,North,returned,2025-10-24,Noah Borde
ORD-00019,Janya Gaba,Laptop,10,4750.53,Central,cancelled,2025-06-01,Ekani Khosla
ORD-00020,Isha Kadakia,Speaker,7,3532.89,North,cancelled,2026-02-07,Arunima Bedi
ORD-00021,Ekbal Garg,Headphones,500,1606.95,East,pending,2026-01-28,Kritika Rau
ORD-00022,Nihal Shere,Speaker,7,8641.55,East,cancelled,2026-02-25,Farhan Sharaf
ORD-00023,Anamika Kanda,Monitor,1,3328.3,South,completed,2025-09-27,Sara Chakrabarti
ORD-00024,Daksh Karnik,Headphones,6,9881.63,West,cancelled,2025-10-16,Sanya Mutti
ORD-00025,Diya Rattan,Mouse,8,3583.63,Central,cancelled,2025-07-18,Widisha Badami
ORD-00026,Dominic Kakar,Charger,7,4106.42,West,returned,2025-05-27,Netra Sachar
ORD-00027,Simon Tata,Camera,7,7653.52,East,completed,2025-09-26,Aadi Chand
ORD-00028,Tara Dhar,Laptop,3,5245.81,Central,pending,2025-04-03,Yashoda Jhaveri
ORD-00029,Liam Koshy,Tablet,8,1239.6,South,pending,2025-04-24,Harita Patla
ORD-00030,Priya Rastogi,Monitor,1,2568.03,West,pending,2025-04-10,Udant Sha
ORD-00031,Theodore Devi,Keyboard,3,-100.0,North,cancelled,2025-06-18,Urvashi Patla
ORD-00032,Gavin Batta,Camera,9,4605.04,North,pending,2025-11-08,Ishaan Chatterjee
ORD-00033,Michael Dutta,Tablet,10,1579.6,Central,pending,2025-06-12,Aarnav Om
ORD-00034,Devansh Rajan,Headphones,6,694.93,North,pending,2025-03-27,Bishakha Vig
ORD-00035,Upadhriti Wadhwa,Keyboard,2,9463.77,North,returned,2025-10-10,Hitesh Bath
ORD-00036,Advay Contractor,Phone,8,8667.81,East,completed,2025-09-21,Waida Dey
ORD-00037,Harini Choudhury,Phone,2,4296.72,South,returned,2025-03-20,Hredhaan Kumar
ORD-00038,Radhika Dugar,Monitor,9,9633.32,North,completed,2025-07-26,Raghav Dara
ORD-00039,Aarush Lall,Phone,8,9041.65,North,returned,2026-03-11,Tanveer Shankar
ORD-00040,Yashica Cherian,Keyboard,1,8171.08,West,completed,2025-11-13,Hamsini Chokshi
ORD-00041,,Keyboard,3,9349.77,Central,pending,2025-06-06,Chakradhar Dasgupta
ORD-00042,Kashvi Edwin,Charger,7,7266.06,East,pending,2026-01-27,Tanvi Thaman
ORD-00043,Ekiya Suresh,Camera,3,2059.37,Central,pending,2025-05-09,Wishi Agrawal
ORD-00044,Isaac Patil,Laptop,2,1760.56,West,returned,2025-07-30,Rachita Subramanian
ORD-00045,Wriddhish Bhardwaj,Mouse,8,9959.5,West,pending,2025-12-23,Oscar Dave
ORD-00046,Farhan Chada,Speaker,5,4773.79,West,cancelled,2025-05-27,Lila Nagy
ORD-00047,Ekapad Walia,Phone,6,8813.94,North,completed,2026-03-11,Omya Kothari
ORD-00048,Kabir Soman,Monitor,10,5073.23,Central,returned,2026-01-25,Mitali Oza
ORD-00049,Alka Wable,Phone,7,1081.48,Central,pending,2026-02-10,Sneha Deol
ORD-00050,Siddharth Zacharia,Speaker,2,4052.77,Central,pending,2026-02-20,Nitara Vala
ORD-00001,Devika Rastogi,Camera,6,4679.86,South,completed,2025-07-23,Dipta Kalla
ORD-00052,Raksha Varughese,Charger,9,2558.14,East,pending,2025-04-12,Shaurya Mannan
ORD-00053,Jai Kota,Keyboard,7,5915.77,North,pending,2025-03-28,Kevin Gokhale
ORD-00054,Devansh Nigam,Charger,6,675.85,East,completed,2025-05-16,Jack Pandey
ORD-00055,Victor Kannan,Headphones,8,2956.29,North,completed,2025-11-02,Omisha Walla
ORD-00056,Ekavir Bhargava,Phone,9,6054.68,Central,cancelled,2025-12-18,Pahal Arya
ORD-00057,Ekansh Balay,Laptop,1,8458.93,South,cancelled,2026-03-11,Aryan Raj
ORD-00058,Ekavir Varkey,Headphones,10,6789.7,South,completed,2025-05-14,Chatresh Bhalla
ORD-00059,Arya Sunder,Camera,2,2999.33,Central,returned,2026-01-14,Amara Dyal
ORD-00060,Kevin Solanki,Phone,4,279.14,East,cancelled,2025-05-02,Zashil Dhingra
ORD-00061,Urvashi Ray,Headphones,5,1252.47,West,completed,2026-02-11,Chakrika Jani
ORD-00062,Girindra Chatterjee,Phone,4,1511.56,Central,pending,2025-10-10,Jagrati Sethi
ORD-00063,Irya Sampath,Monitor,2,2790.83,North,returned,2026-02-17,Udarsh Ramachandran
ORD-00064,Unni Bhagat,Camera,7,3783.62,East,pending,2025-08-08,Yasti Mani
ORD-00065,Darsh Rau,Mouse,2,4150.89,West,cancelled,2025-04-17,Lakshmi Ram
ORD-00066,Ikbal Kothari,Keyboard,2,642.38,South,pending,2025-08-12,Dhriti Bhagat
ORD-00067,Ranveer Yadav,Tablet,8,700.35,North,returned,2025-12-18,Zayan Jain
ORD-00068,Logan Sami,Keyboard,3,5704.81,South,completed,2026-03-20,Umang Pillai
ORD-00069,Arya Shere,Keyboard,5,3751.73,North,completed,2025-12-02,Rishi Menon
ORD-00070,Faqid Savant,Headphones,1,3027.3,West,returned,2025-08-20,Peter Borde
ORD-00071,Chandresh Zachariah,Camera,1,3985.22,North,pending,2025-11-02,Oscar Varkey
ORD-00072,Girik Khalsa,Phone,6,4612.47,West,pending,2025-04-28,Krishna Baria
ORD-00073,Niharika Sunder,Charger,1,5587.6,Central,returned,2025-07-28,Arya Lalla
ORD-00074,Tanay Rattan,Tablet,5,8287.05,Central,completed,2025-07-15,Naveen Kumer
ORD-00075,Nitesh Raghavan,Speaker,6,6306.77,North,pending,2025-07-23,Ganga Shukla
ORD-00076,Madhavi Lanka,Headphones,6,6187.22,East,cancelled,2025-05-11,Balveer Dube
ORD-00077,Bhavika Sampath,Tablet,7,1459.9,South,returned,2025-05-20,Charan Mitra
ORD-00078,Mohammed Gupta,Mouse,3,1146.48,North,cancelled,2025-12-29,Ishita Bora
ORD-00079,Teerth Bhardwaj,Monitor,4,3856.34,North,cancelled,2025-09-05,Thomas Gour
ORD-00080,Dipta Bhandari,Camera,9,9869.52,South,completed,2026-01-21,Yashasvi Dutta
ORD-00081,Vansha Thakkar,Speaker,7,5665.75,North,returned,2025-11-23,Netra Chanda
ORD-00082,Dakshesh Trivedi,Headphones,10,3781.94,South,pending,2025-09-25,Timothy Kala
ORD-00083,Quincy Biswas,Keyboard,3,1612.82,West,pending,2025-11-27,Garima Patel
ORD-00084,Wahab Raval,Laptop,3,6103.14,East,returned,2025-07-21,Tejas Wali
ORD-00085,Yatin Baral,Headphones,3,4132.59,Central,completed,2025-05-26,Aditya Contractor
ORD-00086,Oni Virk,Laptop,2,593.5,Central,pending,2025-12-19,Sanaya Khosla
ORD-00087,Advika Jayaraman,Keyboard,10,580.36,East,pending,2025-10-24,Balveer Nagi
ORD-00088,William Lanka,Monitor,7,7192.2,South,pending,2025-12-14,Ishaan Raju
ORD-00089,Karan Mital,Camera,10,8077.87,East,completed,2026-02-28,Barkha Bakshi
ORD-00090,Diya Bora,Phone,4,5288.46,South,pending,2026-03-15,Yoshita Trivedi
ORD-00091,Tara Chaudhry,Headphones,8,1658.62,East,pending,2025-11-13,Vidhi Bassi
ORD-00092,Tanay Toor,Charger,10,8951.69,North,cancelled,2026-01-19,Reyansh Nagi
ORD-00093,Kevin Palla,Keyboard,3,1568.85,North,completed,2025-08-05,Gopal Ganesh
ORD-00094,Yash Pingle,Headphones,4,9326.41,East,pending,2025-06-14,Dominic Kade
ORD-00095,Nakul Sarma,Mouse,8,3320.59,West,completed,2025-12-03,Panini Chawla
ORD-00096,Abhiram Mistry,Monitor,5,4049.95,East,completed,2025-11-03,Radhika Bora
ORD-00097,Krish Lalla,Mouse,8,6240.7,Central,pending,2026-01-30,Arjun Sharaf
ORD-00098,Hredhaan Dugal,Tablet,5,8456.5,North,pending,2025-05-27,Baljiwan Chahal
ORD-00099,Baghyawati Kade,Camera,1,6017.5,East,completed,2025-08-13,Chatura Gokhale
ORD-00100,Samar Lalla,Tablet,8,5170.69,Central,completed,2025-07-17,Ekavir Kari
ORD-00101,Zayan Behl,Headphones,5,5194.2,North,completed,2025-12-30,Nikita Rama
ORD-00102,Pallavi Malhotra,Speaker,9,4999.5,West,cancelled,2025-12-12,Nidhi Sant
ORD-00103,Aarush Nath,Speaker,3,5715.66,West,returned,2025-07-12,Anay Ramachandran
ORD-00104,Adweta Edwin,Camera,2,4852.95,Central,pending,2025-05-08,Abeer Bhatnagar
ORD-00105,Prisha Andra,Charger,8,362.04,East,cancelled,2025-05-28,Elijah Parmar
ORD-00106,Faqid Dixit,Monitor,6,3445.15,North,cancelled,2025-12-28,Bimala Mitra
ORD-00107,Kala Divan,Charger,10,1273.12,West,completed,2025-03-20,Baghyawati Sarma
ORD-00108,Joshua Barman,Monitor,5,4281.09,Central,returned,2025-12-17,Megha Balasubramanian
ORD-00109,Janya Baral,Keyboard,7,3214.24,South,pending,2025-10-28,Naksh Walla
ORD-00110,Shivansh Krish,Headphones,5,9006.92,East,cancelled,2025-08-19,Laban Raman
ORD-00111,Irya Ray,Tablet,8,8745.57,South,pending,2026-02-13,Maanas Misra
ORD-00112,Warjas Gaba,Speaker,5,6365.75,East,cancelled,2026-01-13,Advay Dhaliwal
ORD-00113,Nitara Bakshi,Mouse,4,6048.71,North,pending,2025-10-26,Benjamin Ahluwalia
ORD-00114,Gaurangi Sabharwal,Phone,7,2801.2,Central,completed,2025-04-01,Frederick Mody
ORD-00115,Amara Dutta,Laptop,8,6623.79,North,completed,2025-05-29,Hemangini Kakar
ORD-00116,Lavanya Barad,Phone,2,9725.16,South,returned,2025-11-08,Yauvani Dhar
ORD-00117,Tristan Iyengar,Tablet,4,5868.05,Central,completed,2025-07-21,Qarin Kant
ORD-00118,Inaya Mody,Tablet,7,2428.92,North,cancelled,2026-03-12,Rishi Contractor
ORD-00119,Udant Bajwa,Monitor,10,702.28,North,cancelled,2026-01-28,Chatura Shenoy
ORD-00120,Mohini Narasimhan,Charger,6,4907.4,North,cancelled,2025-11-12,Bina Bhavsar
ORD-00121,Ekaraj Mallick,Phone,10,5336.48,South,cancelled,2025-06-13,Guneet Hora
ORD-00122,Yashodhara Ratta,Monitor,5,7266.59,North,completed,2025-11-23,Ganga Parikh
ORD-00123,Ayaan D’Alia,Monitor,5,7790.14,West,completed,2025-10-25,Wahab Chaudhry
ORD-00124,Pranav Lanka,Charger,1,3924.87,East,returned,2025-04-29,Ekaraj Hari
ORD-00125,Ikbal Saraf,Mouse,7,8251.28,West,pending,2026-03-18,Vedika Seshadri
ORD-00126,Dipta Sarin,Speaker,5,2572.53,South,returned,2025-09-28,Damini Dua
ORD-00127,Lekha Gupta,Camera,1,5810.19,South,pending,2025-05-13,Diya Sangha
ORD-00128,Chaitanya Sarin,Speaker,10,7064.1,North,completed,2025-07-26,Aayush Munshi
ORD-00129,Zinal Yohannan,Laptop,1,2068.69,Central,cancelled,2026-01-03,Timothy Sarin
ORD-00130,Januja Sankar,Phone,10,4521.18,West,returned,2025-04-19,Jagvi Desai
ORD-00131,Ganga Murthy,Speaker,8,4303.05,South,returned,2025-06-20,Varsha Shere
ORD-00132,Charita Tripathi,Camera,5,4246.01,East,completed,2025-08-01,Jagrati Mody
ORD-00133,Nilima Narain,Keyboard,4,2197.14,South,pending,2025-07-22,Ikbal Gill
ORD-00134,Chakrika Datta,Phone,10,5116.83,West,returned,2025-05-24,Avni Dey
ORD-00135,Osha Raghavan,Camera,6,6191.48,East,pending,2025-11-22,Adya Bose
ORD-00136,Charvi Ravi,Monitor,4,4820.73,East,returned,2026-02-26,Anirudh Tripathi
ORD-00137,Daksha Mangat,Tablet,4,8513.09,North,cancelled,2025-04-23,Nidhi Kala
ORD-00138,Qushi Nagy,Mouse,10,7327.54,Central,completed,2026-02-02,Abha Zacharia
ORD-00139,Riya Sathe,Laptop,5,7115.6,East,pending,2025-12-20,Manthan Pau
ORD-00140,Yasti Solanki,Camera,3,5282.1,North,completed,2025-12-05,Udant Mannan
ORD-00141,Frado Mander,Speaker,2,5695.69,Central,completed,2025-11-23,Ucchal Thaker
ORD-00142,Girik Keer,Tablet,1,9980.6,North,pending,2025-12-28,Mekhala Patla
ORD-00143,Umang Issac,Speaker,5,4887.04,South,pending,2026-02-27,William Gandhi
ORD-00144,Aryan Batra,Phone,8,3891.88,South,returned,2025-07-28,Sanaya Dutta
ORD-00145,Vaishnavi Bora,Camera,1,9574.52,Central,pending,2025-09-09,Madhav Sule
ORD-00146,Oeshi Hayer,Speaker,10,4703.7,North,completed,2025-03-24,Banjeet Kanda
ORD-00147,Warda Ratta,Charger,6,5423.65,West,completed,2025-06-30,Vincent Bhatnagar
ORD-00148,Manbir Ahluwalia,Headphones,3,5552.48,North,pending,2025-06-09,Kala Kaur
ORD-00149,Pavani Kanda,Tablet,2,6822.51,West,pending,2025-06-24,Samuel Vasa
ORD-00150,Zarna Shetty,Keyboard,5,8702.01,East,returned,2025-12-14,Lipika Singh
ORD-00151,Zaid Dara,Tablet,6,6870.31,East,returned,2025-04-15,Chakradhar Baral
ORD-00152,Kiaan Shetty,Speaker,7,8074.79,East,returned,2025-08-03,Harshil Verma
ORD-00153,Saanvi Thaman,Speaker,3,2789.75,North,completed,2025-06-27,Adya Ghosh
ORD-00154,Sanaya Dutt,Laptop,4,4943.96,Central,pending,2026-01-19,Kritika Pau
ORD-00155,Shivani Lad,Charger,3,9580.91,West,cancelled,2025-04-30,Zansi Krishnamurthy
ORD-00156,Aradhana Verma,Keyboard,9,2933.26,North,pending,2025-12-24,Udant Varty
ORD-00157,William Maharaj,Mouse,6,3124.29,East,pending,2025-03-20,Ira Pai
ORD-00158,Faras Mangal,Laptop,9,9425.56,South,returned,2025-04-07,Vasatika Ahuja
ORD-00159,Anita Nayak,Phone,9,9825.15,East,cancelled,2025-08-16,Ria Gandhi
ORD-00160,Faris Devi,Keyboard,5,7756.51,Central,pending,2025-09-06,Faraj Varkey
ORD-00161,Vihaan Rajagopal,Camera,3,7107.03,East,cancelled,2025-12-29,Siddharth Doctor
ORD-00162,Tanish Bhatt,Headphones,5,6963.35,Central,cancelled,2025-08-29,Nakul Pathak
ORD-00163,Nikita Narayanan,Laptop,8,4991.23,South,pending,2025-05-23,Victor Sachdeva
ORD-00164,Ojasvi Bhatia,Headphones,5,4901.07,West,returned,2026-02-26,Ishaan Subramaniam
ORD-00165,Osha Ramachandran,Charger,6,5691.78,East,returned,2025-08-27,Varenya Kade
ORD-00166,Lajita Sood,Phone,2,9356.96,Central,pending,2025-09-27,Nirja Bains
ORD-00167,Indira Misra,Phone,8,7271.31,West,cancelled,2026-02-25,Caleb Datta
ORD-00168,Oni Yohannan,Mouse,2,3019.34,South,cancelled,2025-08-14,Krish Vala
ORD-00169,Vinaya Kanda,Phone,3,5819.07,Central,returned,2025-08-03,Manan Bhalla
ORD-00170,Rajata Sunder,Speaker,4,5522.27,South,returned,2025-10-18,Aarna Gole
ORD-00171,Lopa Nayar,Tablet,7,8977.45,South,returned,2025-08-12,Anirudh Mander
ORD-00172,Noah Sibal,Tablet,9,4065.42,North,cancelled,2025-04-28,Tarak Sen
ORD-00173,Avi Ramesh,Mouse,6,3581.32,West,cancelled,2026-02-04,Vasatika Garde
ORD-00174,Fiyaz Sangha,Speaker,2,7775.03,North,returned,2025-09-22,Nirja Dhar
ORD-00175,Triya Gopal,Tablet,7,1634.47,South,returned,2026-01-20,Yasti Lalla
ORD-00176,Abha Raghavan,Camera,1,611.25,Central,cancelled,2026-02-18,Hema Setty
ORD-00177,Siddharth Sha,Speaker,5,9561.07,East,completed,2025-10-30,Victor Radhakrishnan
ORD-00178,Geetika Raghavan,Charger,9,973.49,North,cancelled,2025-11-27,Kevin Chopra
ORD-00179,Oviya Krishnan,Monitor,2,9254.29,East,pending,2026-01-08,Samaksh Virk
ORD-00180,Upma Bahl,Headphones,8,6627.53,North,pending,2025-12-11,Mason Char
ORD-00181,Inaya Kapur,Speaker,6,7522.92,West,cancelled,2025-06-15,Vamakshi Barad
ORD-00182,Banjeet Balasubramanian,Headphones,5,2296.07,East,pending,2025-05-22,Girik Subramaniam
ORD-00183,Ryan Bahri,Camera,10,8312.93,North,completed,2025-09-11,Aarav Sankar
ORD-00184,William Date,Monitor,7,2856.1,South,completed,2025-04-17,Kamala Bassi
ORD-00185,Ishwar Kamdar,Keyboard,6,5706.78,Central,completed,2026-01-24,Veer Subramaniam
ORD-00186,Aahana Pillay,Mouse,2,2860.89,South,pending,2026-02-11,Inaya Chaudhari
ORD-00187,Ishwar Gade,Speaker,4,1269.42,West,returned,2025-04-01,Krish Kumar
ORD-00188,Hritik Bal,Mouse,8,7459.73,West,completed,2025-07-12,Viraj Chacko
ORD-00189,Keya Ranganathan,Phone,1,2543.96,North,completed,2025-03-27,Nilima Kurian
ORD-00190,Faqid Kibe,Headphones,10,696.5,South,returned,2025-07-21,Abdul Amble
ORD-00191,Charvi Dara,Headphones,9,9069.81,East,cancelled,2025-06-29,Zinal Amble
ORD-00192,Idika Walia,Phone,6,2410.58,North,returned,2025-04-29,Samesh Mutti
ORD-00193,Kamala Biswas,Keyboard,10,2480.8,North,cancelled,2025-04-17,Janaki Chhabra
ORD-00194,Advik Salvi,Laptop,4,1180.94,South,cancelled,2025-07-30,Pooja Kulkarni
ORD-00195,Hitesh Sant,Charger,2,3435.88,Central,returned,2025-05-25,Pallavi Pau
ORD-00196,Tripti Dua,Speaker,8,4828.56,West,completed,2026-02-27,Mekhala Jani
ORD-00197,Patrick Vig,Headphones,5,6874.68,East,cancelled,2025-08-12,Vasudha Gola
ORD-00198,Veda Shroff,Charger,7,1546.18,West,returned,2025-05-21,Veda Kulkarni
ORD-00199,Amrita Naidu,Headphones,2,9651.28,North,completed,2025-12-29,Hemangini Rao
ORD-00200,Gabriel Mallick,Laptop,3,9782.52,Central,cancelled,2025-04-18,Jagat Karpe
ORD-00201,Yagnesh Shetty,Phone,1,1746.82,North,pending,2025-10-18,Neel Chaudhry
ORD-00202,Gayathri Balakrishnan,Laptop,1,6597.35,Central,completed,2026-03-20,Yashoda Rattan
ORD-00203,Ekta Gopal,Headphones,5,8829.35,South,returned,2026-03-03,Charles Dyal
ORD-00204,Simon Pant,Phone,8,4860.86,West,pending,2025-04-25,Abdul Chand
ORD-00205,Harini Mammen,Laptop,2,6574.28,North,returned,2025-07-29,Urishilla Saran
ORD-00206,Advaith Varughese,Keyboard,2,7606.93,Central,cancelled,2025-11-05,Devansh Lall
ORD-00207,Frederick Khurana,Phone,4,3014.0,Central,completed,2025-11-13,Kamala Buch
ORD-00208,Vrinda Khosla,Speaker,9,2996.07,North,pending,2026-03-01,Leena Rattan
ORD-00209,Vritti Sem,Headphones,3,778.79,West,pending,2025-09-23,Dakshesh Gill
ORD-00210,Girik Menon,Camera,7,7732.5,South,pending,2025-12-18,Reva Anne
ORD-00211,Nidhi Kohli,Mouse,8,6591.53,South,cancelled,2025-04-01,Zarna Mangal
ORD-00212,Jyoti Solanki,Headphones,6,2474.76,East,completed,2025-09-03,Bahadurjit Uppal
ORD-00213,Pavani Narayanan,Speaker,9,7438.13,East,completed,2025-11-28,Omkaar Banik
ORD-00214,Sudiksha Madan,Tablet,7,8532.26,East,cancelled,2025-05-23,William Acharya
ORD-00215,Zayan Kashyap,Charger,10,564.52,West,returned,2025-11-10,Gabriel Majumdar
ORD-00216,Reyansh Mutti,Charger,3,9229.41,East,pending,2026-02-28,Ira Rana
ORD-00217,Qasim Handa,Mouse,7,4294.27,East,returned,2025-09-04,Sai Vasa
ORD-00218,Veda Malhotra,Headphones,2,8407.53,West,cancelled,2025-05-20,Ekapad Chana
ORD-00219,Harish Hari,Mouse,8,9351.44,East,returned,2025-04-09,Ijaya Palan
ORD-00220,Utkarsh Patel,Monitor,10,555.13,South,returned,2025-04-28,Upkaar Hayer
ORD-00221,Chasmum Atwal,Headphones,7,8393.79,North,cancelled,2025-07-26,Netra Agrawal
ORD-00222,Anusha Bath,Phone,5,7921.01,South,pending,2025-06-07,Parth Ray
ORD-00223,Brinda Date,Phone,1,2024.85,South,returned,2025-06-01,Elijah Thakur
ORD-00224,Harshil Arora,Monitor,6,7539.23,Central,completed,2025-08-25,Harini Dada
ORD-00225,Upasna Srinivas,Keyboard,4,8747.45,North,returned,2025-12-15,Zashil Savant
ORD-00226,Harini Gour,Monitor,8,3035.78,South,returned,2025-10-21,Veda Kohli
ORD-00227,Zayyan Sridhar,Monitor,8,566.17,North,completed,2025-12-25,Tara Sharma
ORD-00228,Dhruv Rattan,Mouse,4,3123.24,South,pending,2026-03-14,Vasatika Dada
ORD-00229,Ethan Bera,Laptop,6,6106.27,West,completed,2025-12-28,Ekansh Raja
ORD-00230,Manthan Modi,Phone,2,9297.86,West,pending,2025-10-15,Victor Mutti
ORD-00231,Yuvraj Dani,Laptop,6,3482.41,East,cancelled,2025-07-01,Ira Varty
ORD-00232,Upkaar Virk,Monitor,9,4651.62,West,cancelled,2025-12-01,Adya Kothari
ORD-00233,Shravya Savant,Keyboard,6,6483.86,North,returned,2025-07-07,Girik Rastogi
ORD-00234,Pushti Mody,Phone,1,5337.32,Central,returned,2025-07-13,Faqid Gokhale
ORD-00235,Hardik Johal,Headphones,7,8913.75,East,cancelled,2025-06-20,Dipta Pandya
ORD-00236,Aishani Bumb,Headphones,5,1514.16,South,completed,2025-04-26,Amruta Goswami
ORD-00237,Wriddhish Ghose,Headphones,4,5140.28,West,cancelled,2025-04-08,Wishi Iyengar
ORD-00238,Naksh Agate,Speaker,2,2872.8,East,pending,2025-08-19,Wyatt Lanka
ORD-00239,Shravya Singhal,Mouse,8,8125.38,West,returned,2025-10-28,Veer Jain
ORD-00240,Bachittar Kata,Tablet,2,3439.7,East,completed,2025-10-19,Ishani Dugal
ORD-00241,Barkha Setty,Monitor,4,7363.97,North,returned,2026-02-09,Jagdish Brar
ORD-00242,Vivaan Lalla,Tablet,10,6552.2,North,cancelled,2025-09-26,Abeer Basak
ORD-00243,Pavani Contractor,Camera,1,7241.26,South,completed,2025-05-18,Kamya Murty
ORD-00244,Manthan Lata,Mouse,1,337.03,East,cancelled,2025-04-10,Anvi Swaminathan
ORD-00245,Ekbal Bhasin,Headphones,6,3502.7,Central,pending,2025-08-07,Yasti Mammen
ORD-00246,Damyanti Mani,Phone,4,3090.24,North,cancelled,2025-03-21,Tristan Dave
ORD-00247,Jeet Sidhu,Mouse,3,6808.13,South,completed,2025-09-02,Pallavi Sridhar
ORD-00248,Neha Magar,Speaker,10,2091.98,East,cancelled,2025-04-23,Yadavi Palan
ORD-00249,Raksha Buch,Phone,4,6186.35,South,returned,2025-07-12,Owen Shankar
ORD-00250,Rachana Naidu,Laptop,2,6458.51,North,returned,2026-02-02,Zarna Sharma
ORD-00251,Atharv Chand,Speaker,9,4172.81,South,completed,2025-12-02,Abhiram Arora
ORD-00252,Ansh Luthra,Laptop,4,4390.49,East,returned,2025-11-17,Ladli Chaudhuri
ORD-00253,Parth Singhal,Phone,10,3412.68,West,pending,2025-11-08,Janaki Lad
ORD-00254,Arunima Golla,Headphones,4,4127.17,Central,pending,2025-09-22,Adya Khalsa
ORD-00255,Vyanjana Chand,Tablet,4,1133.77,North,completed,2025-06-05,Urishilla Oza
ORD-00256,Ijaya Rege,Monitor,6,9819.51,East,cancelled,2025-04-26,Qarin Tara
ORD-00257,Ekani Cheema,Mouse,3,4878.05,East,returned,2025-03-29,Shivansh Saini
ORD-00258,Forum Sabharwal,Mouse,10,9370.09,South,returned,2025-06-08,Janya Rattan
ORD-00259,Bhavya Rattan,Headphones,1,265.94,North,cancelled,2025-05-25,Shravya Gole
ORD-00260,Suhani Chakrabarti,Monitor,5,3958.03,West,cancelled,2025-11-22,Veer Chaudhry
ORD-00261,Zayyan Naik,Laptop,3,4577.01,West,cancelled,2025-07-11,Warinder Sankaran
ORD-00262,Netra Varkey,Tablet,3,2815.54,Central,cancelled,2025-04-20,Rohan Dhingra
ORD-00263,Turvi Sachdev,Monitor,9,3429.33,Central,returned,2025-09-19,Urvashi Andra
ORD-00264,Raghav Vasa,Laptop,5,5907.12,South,pending,2026-02-10,Oviya Tata
ORD-00265,Wishi Sathe,Monitor,3,5813.2,North,completed,2025-05-03,Zansi Walla
ORD-00266,Samar Loke,Camera,2,2762.22,West,completed,2025-07-17,Vidhi Mital
ORD-00267,Bhavna Sarma,Mouse,1,3722.61,North,cancelled,2026-01-18,Champak Rao
ORD-00268,Jairaj Balakrishnan,Camera,3,2514.77,South,pending,2025-08-21,Nihal Bhasin
ORD-00269,Nathan Mukhopadhyay,Monitor,1,6743.3,North,returned,2025-09-18,Aachal Soni
ORD-00270,Nikita Chander,Speaker,6,4759.87,North,returned,2025-09-25,Shivani Natt
ORD-00271,Ishaan Shenoy,Mouse,4,1764.22,North,completed,2026-03-02,Jalsa Parsa
ORD-00272,Mitesh Tara,Tablet,10,6922.52,South,cancelled,2025-12-01,Hemangini Bahri
ORD-00273,Yashodhara Mahajan,Headphones,6,9245.44,South,pending,2025-06-30,Jairaj Panchal
ORD-00274,Vasudha Sodhi,Camera,1,8899.45,South,completed,2025-04-24,Owen Mane
ORD-00275,Tanmayi Dhillon,Headphones,3,7743.44,West,pending,2025-11-24,Ekta Uppal
ORD-00276,Rayaan Trivedi,Laptop,5,6963.85,East,cancelled,2025-10-17,Sanya Brar
ORD-00277,Ekaraj Majumdar,Charger,1,6458.37,North,cancelled,2025-08-17,Bhavini Sheth
ORD-00278,Harini Tripathi,Speaker,3,9417.23,Central,completed,2025-05-30,Oliver Nazareth
ORD-00279,Aarnav Mandal,Laptop,7,3800.93,Central,cancelled,2025-08-11,Nidhi Bora
ORD-00280,Vrishti Dixit,Keyboard,9,2363.32,East,pending,2026-02-26,Neel Oza
ORD-00281,Veda Pai,Laptop,2,9581.13,North,pending,2025-08-15,Dipta Nadig
ORD-00282,Krishna Shah,Laptop,2,4885.18,North,completed,2025-08-10,Amara Rana
ORD-00283,Ranbir Khare,Charger,8,4657.79,North,cancelled,2025-05-31,Sai Patil
ORD-00284,Vivaan Roy,Mouse,8,9889.61,South,returned,2025-09-09,Odika Ganesh
ORD-00285,Eesha Solanki,Speaker,6,3860.52,West,cancelled,2025-04-06,Arin Dass
ORD-00286,Libni Doshi,Speaker,9,7078.02,South,completed,2025-06-30,Zayan Buch
ORD-00287,Balhaar Date,Tablet,10,9144.41,North,completed,2025-09-06,Ojas Ranganathan
ORD-00288,Harish Sarraf,Laptop,2,7621.04,East,returned,2025-09-16,Girish Bhatt
ORD-00289,Tanmayi Aurora,Speaker,8,8058.55,North,completed,2025-06-30,Chatura Bal
ORD-00290,Nimrat Dubey,Phone,9,8289.91,North,completed,2025-06-15,Fiyaz Chawla
ORD-00291,Upasna Lanka,Tablet,4,7665.22,West,returned,2026-02-08,Nachiket Chad
ORD-00292,Mitali Buch,Phone,10,6866.35,North,returned,2025-07-02,Dayamai Karnik
ORD-00293,Lajita Nadig,Charger,1,6037.98,South,pending,2025-10-25,Bhanumati Savant
ORD-00294,Balendra Biswas,Phone,9,7915.23,Central,completed,2025-04-12,Karan Vyas
ORD-00295,Bhavna Karan,Headphones,5,5348.97,West,returned,2025-05-17,Ayush Banerjee
ORD-00296,Radha Chaudhari,Monitor,8,5375.1,West,pending,2026-01-06,Eshana Soni
ORD-00297,Sachi Ganesan,Phone,1,3744.49,West,completed,2025-12-15,Anita Saxena
ORD-00298,Ayush Batra,Charger,1,9188.0,North,returned,2025-12-04,Peter Shan
ORD-00299,Daksh Memon,Headphones,8,1298.65,West,completed,2025-04-26,Dayita Palan
ORD-00300,Kavya Sankar,Charger,7,8320.99,West,pending,2025-04-22,Utkarsh Chakraborty
ORD-00301,Yash Wali,Charger,7,9047.3,South,cancelled,2025-12-04,Darika Pau
ORD-00302,Pranit Garde,Laptop,2,2180.14,East,completed,2025-07-31,Abha Dugal
ORD-00303,Farhan Raja,Charger,8,5458.27,South,completed,2026-01-27,Advaith Acharya
ORD-00304,Widisha Dhar,Phone,8,1811.46,South,completed,2025-10-16,Hemangini Mangat
ORD-00305,Triya Kumar,Monitor,2,8572.96,East,completed,2025-08-27,Abhiram Swamy
ORD-00306,Aadhya Andra,Charger,2,4529.04,East,returned,2026-01-07,Chandani Andra
ORD-00307,Bhavna Dugar,Charger,6,6865.89,West,cancelled,2025-11-04,Brinda Kashyap
ORD-00308,Riya Pai,Speaker,10,7224.8,South,completed,2025-06-16,Kashvi Gulati
ORD-00309,Panini Krishna,Keyboard,3,4989.51,North,returned,2025-10-20,Rajeshri Rana
ORD-00310,Chasmum Issac,Camera,2,9008.12,Central,cancelled,2025-04-12,Nihal Ramakrishnan
ORD-00311,Vasudha Chhabra,Headphones,3,4564.73,Central,pending,2026-02-09,Thomas Lall
ORD-00312,Lakshmi Parmer,Keyboard,5,744.23,Central,pending,2025-08-17,Pahal Khatri
ORD-00313,Chakrika Bains,Headphones,10,1492.05,South,pending,2026-01-31,Bhavani Wali
ORD-00314,Anvi Anand,Camera,10,4270.16,East,pending,2025-10-08,Nitara Guha
ORD-00315,Watika Mangat,Monitor,9,5725.33,West,pending,2025-08-29,Qabil Deshpande
ORD-00316,Indira Kanda,Tablet,6,5675.21,West,cancelled,2025-10-13,Indrajit Shah
ORD-00317,Zashil Devan,Camera,7,6792.12,Central,completed,2025-12-11,Anita Swamy
ORD-00318,Balveer More,Mouse,10,3219.06,West,pending,2026-02-19,Ekani Bahl
ORD-00319,Bahadurjit Patla,Keyboard,9,412.35,North,completed,2026-03-18,Chandran Warrior
ORD-00320,Gautam Merchant,Phone,5,2692.68,North,completed,2025-09-20,Quincy Chaudry
ORD-00321,Ojasvi Gill,Laptop,8,228.55,East,completed,2025-10-28,Amruta Dass
ORD-00322,Kevin Zacharia,Mouse,9,2334.43,West,completed,2026-02-25,Abhiram Kaul
ORD-00323,Yachana Mahajan,Charger,10,914.69,South,completed,2025-06-19,Matthew Aurora
ORD-00324,Aarini Subramaniam,Charger,7,4351.23,West,cancelled,2025-09-20,Teerth Oommen
ORD-00325,Hamsini Contractor,Phone,2,7062.77,South,completed,2025-07-14,Devika Tara
ORD-00326,Faqid Dhaliwal,Phone,2,5502.4,Central,cancelled,2025-04-19,Ubika Balay
ORD-00327,Mekhala Pau,Speaker,9,789.51,South,cancelled,2025-08-20,Faris Dhingra
ORD-00328,Megha Atwal,Headphones,4,8962.34,Central,completed,2026-03-05,Amaira Ramanathan
ORD-00329,Jatin Sha,Speaker,7,9863.15,North,cancelled,2026-02-14,Upma Golla
ORD-00330,Adweta Raj,Camera,8,4825.3,West,pending,2025-12-22,Zashil Raj
ORD-00331,Hritik Kaur,Tablet,4,3012.49,East,pending,2025-04-02,Jairaj Kothari
ORD-00332,Aryan Narang,Keyboard,7,1962.82,West,pending,2025-09-30,Saanvi Kota
ORD-00333,Dev Shetty,Phone,6,1526.2,Central,completed,2025-10-27,Rushil Sharma
ORD-00334,Nilima Dada,Headphones,8,6485.95,West,pending,2026-03-04,Sathvik Solanki
ORD-00335,Chakradev Barad,Keyboard,7,7346.04,East,returned,2025-10-06,Devika Naidu
ORD-00336,Waida D’Alia,Camera,7,9644.07,Central,returned,2026-01-24,Brijesh Verma
ORD-00337,Wahab Yogi,Tablet,2,3868.72,Central,returned,2025-10-27,Zehaan Srivastava
ORD-00338,Lipika Setty,Mouse,6,8934.07,East,pending,2025-12-08,Rushil Patel
ORD-00339,Oni Dubey,Speaker,7,4594.66,West,cancelled,2025-11-15,Tejas Chowdhury
ORD-00340,Hardik Suri,Camera,6,9186.73,East,returned,2025-05-16,Radha Nair
ORD-00341,Ati Bali,Charger,5,3898.46,South,cancelled,2025-05-05,Oliver Majumdar
ORD-00342,Teerth Sawhney,Speaker,6,985.45,North,cancelled,2026-01-08,Meghana Kibe
ORD-00343,Warinder Patil,Laptop,3,9647.61,East,completed,2025-09-10,Brijesh Soman
ORD-00344,Jhalak Parmer,Speaker,8,8769.63,Central,returned,2025-05-26,Kamya Chakraborty
ORD-00345,Mitali Majumdar,Camera,2,1502.3,South,completed,2025-05-23,Nakul Tata
ORD-00346,Jason Sha,Phone,2,8629.81,North,completed,2025-06-10,Hamsini Bhasin
ORD-00347,Simon Bail,Tablet,2,1361.61,East,completed,2026-01-27,Ishani Dube
ORD-00348,Gauri Kohli,Camera,2,9928.9,North,pending,2025-06-02,Jeremiah Sura
ORD-00349,Samesh Biswas,Phone,7,4050.97,West,completed,2025-05-08,Edhitha Palan
ORD-00350,Tarak Kaul,Phone,2,1447.0,Central,cancelled,2025-04-05,Reyansh Bail
ORD-00351,Manbir Agate,Speaker,6,9790.5,East,returned,2025-08-31,Ishita Desai
ORD-00352,Maanav De,Tablet,3,8380.25,Central,cancelled,2025-04-19,Balveer Sundaram
ORD-00353,Owen Choudhary,Camera,9,7609.56,South,returned,2025-12-10,Chaitaly Suri
ORD-00354,Karan Aurora,Camera,1,9788.21,South,pending,2025-09-05,Rachit Pall
ORD-00355,Wazir Naik,Charger,10,4736.44,North,returned,2025-06-06,Upadhriti Maharaj
ORD-00356,Owen Lanka,Headphones,9,7246.12,South,returned,2026-02-02,Ekapad Wali
ORD-00357,Jonathan Sama,Keyboard,9,4355.45,South,returned,2025-11-18,Shivani Merchant
ORD-00358,Devansh Soni,Headphones,6,3915.91,East,returned,2025-05-16,Jeevika Setty
ORD-00359,Janaki Varghese,Camera,2,2449.71,Central,cancelled,2026-02-06,Yashawini Raghavan
ORD-00360,Siya Thakur,Speaker,7,4713.13,North,returned,2025-11-06,Anirudh Patla
ORD-00361,Caleb Verma,Mouse,6,1719.19,South,completed,2025-06-28,Ekani Bhatnagar
ORD-00362,Tara Balasubramanian,Camera,7,2046.11,Central,returned,2025-07-22,Ranveer Viswanathan
ORD-00363,Varenya Ratti,Laptop,1,8776.04,West,completed,2026-03-08,Mitesh Mandal
ORD-00364,Hritik Swaminathan,Phone,5,7700.8,East,pending,2025-12-27,Nimrat Nagy
ORD-00365,Ethan Buch,Monitor,10,514.73,South,completed,2026-03-10,Gopal Virk
ORD-00366,Manbir Bhatti,Camera,5,6668.94,South,cancelled,2026-01-27,Caleb Dayal
ORD-00367,Anvi Nair,Laptop,6,6225.25,South,completed,2025-04-15,Azad Jaggi
ORD-00368,Chaitaly Setty,Laptop,2,9374.13,Central,cancelled,2025-04-22,Vedika Handa
ORD-00369,Hardik Contractor,Keyboard,10,8911.61,East,completed,2025-08-17,Azad Rama
ORD-00370,Qushi Seth,Tablet,9,2557.53,East,returned,2025-10-22,Aahana Bawa
ORD-00371,Odika Nori,Camera,4,858.45,Central,pending,2025-08-21,Timothy Bobal
ORD-00372,Mohini Sagar,Tablet,3,6019.65,North,cancelled,2025-10-20,Sathvik Swamy
ORD-00373,Dhriti Sane,Mouse,8,4574.12,East,cancelled,2025-07-24,Upadhriti Bhat
ORD-00374,Aadhya Prasad,Speaker,4,6784.83,Central,returned,2026-02-15,Ojasvi Pillay
ORD-00375,Urvi Bhavsar,Monitor,2,8746.68,Central,returned,2025-07-05,Amaira Wadhwa
ORD-00376,Frederick Chander,Speaker,6,2597.39,South,completed,2025-10-07,Ekavir Modi
ORD-00377,Gopal Pradhan,Laptop,9,632.52,Central,cancelled,2025-09-13,Tarak Venkataraman
ORD-00378,Darpan Narayan,Phone,6,4500.84,South,completed,2026-03-11,Harrison Kashyap
ORD-00379,Nirja Pandya,Phone,2,5488.65,West,returned,2026-02-22,Ranveer Hans
ORD-00380,Charan Mani,Tablet,5,7591.98,Central,cancelled,2025-03-24,Praneel Sagar
ORD-00381,Indira Chawla,Speaker,10,7804.42,East,pending,2026-01-19,Ishita Shanker
ORD-00382,Mohammed Subramaniam,Laptop,4,1572.33,South,pending,2025-12-17,Hemang Ganesan
ORD-00383,Hritik Palla,Keyboard,7,9935.14,West,cancelled,2025-11-16,Neelima Thaman
ORD-00384,Ishwar Mallick,Charger,9,2493.78,North,cancelled,2025-11-03,Nakul Walla
ORD-00385,Pushti Bal,Speaker,10,9179.69,North,returned,2025-10-08,Indira Murty
ORD-00386,Ayush Gole,Tablet,10,5844.88,North,cancelled,2026-01-17,Kamya Sachar
ORD-00387,Dayamai Nori,Monitor,9,5858.25,South,cancelled,2025-08-29,Ekiya Khosla
ORD-00388,Abeer Golla,Tablet,1,7769.87,Central,pending,2025-05-02,Keya Kumar
ORD-00389,Nandini Boase,Laptop,10,8219.15,South,returned,2025-08-27,Sneha Sem
ORD-00390,Azaan Chand,Camera,5,2520.66,North,completed,2025-05-17,Aadi Banerjee
ORD-00391,Krisha Saini,Keyboard,1,8786.33,Central,cancelled,2025-05-16,Amol Vasa
ORD-00392,Harita Dugar,Laptop,3,9858.82,West,returned,2025-10-26,Chasmum Ahuja
ORD-00393,Devika Nair,Keyboard,5,5307.26,North,returned,2025-11-03,Tristan Kala
ORD-00394,Charles Dugal,Headphones,5,4251.89,East,pending,2025-11-01,Anthony Majumdar
ORD-00395,Chandran Bumb,Headphones,6,2895.51,Central,cancelled,2026-01-08,Girindra Barad
ORD-00396,Saanvi Samra,Phone,6,5654.84,South,cancelled,2026-03-19,Ishani Dugal
ORD-00397,Riya Sachdeva,Keyboard,1,5997.34,South,returned,2025-04-27,Alka Peri
ORD-00398,Tanveer Vala,Speaker,3,7404.08,East,cancelled,2026-03-14,Viraj Kunda
ORD-00399,Hemani Sani,Monitor,3,1915.31,South,pending,2025-04-30,George Ratta
ORD-00400,Bhanumati Sur,Charger,10,6850.75,East,pending,2025-10-24,Faras Nair
ORD-00401,Chakradev Kannan,Tablet,7,5646.34,North,pending,2026-01-16,Oscar Sura
ORD-00402,Christopher Amble,Headphones,2,658.46,North,cancelled,2025-04-28,Charita Barad
ORD-00403,Charvi Kakar,Tablet,3,3574.27,South,cancelled,2026-01-19,Farhan Bhalla
ORD-00404,Aadhya Mann,Tablet,1,6503.5,Central,pending,2025-07-09,Ijaya Saraf
ORD-00405,Jagdish Amble,Monitor,2,3934.32,South,completed,2026-02-19,Jai Karan
ORD-00406,Qushi Gill,Laptop,9,5338.74,North,returned,2025-10-14,Lavanya Bhagat
ORD-00407,Lajita Walia,Tablet,4,7022.82,Central,completed,2026-02-24,Benjamin Nagar
ORD-00408,Xiti Pandya,Keyboard,7,4199.94,East,cancelled,2025-07-31,Eta Thakkar
ORD-00409,Mekhala Basak,Monitor,7,3137.91,North,returned,2026-02-23,Michael Bedi
ORD-00410,Anirudh Sharaf,Headphones,8,2001.01,East,returned,2025-08-26,Sanaya Thaman
ORD-00411,Dhriti Sanghvi,Camera,6,5470.7,West,cancelled,2025-06-30,Tristan Sankaran
ORD-00412,Omisha Mann,Tablet,3,2560.49,Central,completed,2025-08-15,Meera Divan
ORD-00413,Nidhi Bail,Phone,6,2407.38,North,completed,2025-11-29,Gayathri Butala
ORD-00414,Onveer Sharma,Monitor,5,8602.9,East,completed,2025-09-24,Chandran Rastogi
ORD-00415,Gaurang Sarkar,Laptop,6,1613.65,East,completed,2025-10-28,Frederick Rastogi
ORD-00416,Yagnesh Sarin,Mouse,10,4736.65,East,pending,2025-11-11,Kalpit Deshmukh
ORD-00417,Farhan Randhawa,Headphones,10,763.71,South,returned,2025-09-19,Rudra Sura
ORD-00418,Harinakshi Kant,Headphones,2,4243.24,South,completed,2025-04-03,Rohan Viswanathan
ORD-00419,Om Bose,Mouse,1,4280.78,West,cancelled,2025-05-25,Xavier Bora
ORD-00420,Yashvi Hari,Keyboard,3,5392.92,West,pending,2025-07-04,Qushi Naik
ORD-00421,Indali Divan,Camera,3,4005.51,East,returned,2025-08-23,Isaiah Sachdev
ORD-00422,Harshil Dhingra,Headphones,10,2697.96,South,cancelled,2025-05-14,Jasmit Pall
ORD-00423,Rudra Ghose,Headphones,1,3435.58,Central,pending,2025-11-15,Ekani Padmanabhan
ORD-00424,Faqid Goel,Laptop,2,973.89,Central,returned,2025-11-11,Dalaja Gara
ORD-00425,Ucchal Sen,Headphones,5,4606.91,East,cancelled,2025-12-09,Riya Dhingra
ORD-00426,Diya Dora,Monitor,8,3835.56,South,returned,2025-12-14,Chaitanya Kaur
ORD-00427,Ekansh Singh,Keyboard,7,5448.23,Central,pending,2025-08-23,Kashvi Dugal
ORD-00428,Chavvi Maharaj,Camera,8,8327.18,South,completed,2025-04-04,Isaiah Bhagat
ORD-00429,Indira Tripathi,Phone,10,704.06,West,pending,2025-08-20,Manbir Mani
ORD-00430,Dayita Shenoy,Camera,8,3895.25,East,cancelled,2026-02-28,Hemal Choudhry
ORD-00431,Baljiwan Bhandari,Keyboard,7,6127.7,East,completed,2026-02-24,Shivani Sinha
ORD-00432,Bhavini Bose,Speaker,5,586.57,South,returned,2025-07-26,Garima Kadakia
ORD-00433,Yashica Rajagopalan,Monitor,4,912.29,South,returned,2025-12-13,Samar Virk
ORD-00434,Benjamin Sengupta,Speaker,9,8084.58,North,returned,2025-06-20,Vasudha Dhaliwal
ORD-00435,Ekanta Soni,Keyboard,2,5957.32,Central,pending,2025-04-08,Krisha Vyas
ORD-00436,David Seshadri,Laptop,6,6779.22,West,returned,2026-01-03,Aadhya Garde
ORD-00437,Hemal Chad,Phone,7,2325.76,Central,returned,2025-09-20,Bhanumati Iyer
ORD-00438,Balveer Kota,Camera,2,2246.11,North,returned,2026-03-12,Chatresh Shroff
ORD-00439,Reva Viswanathan,Tablet,5,9087.92,South,pending,2025-07-02,Ekalinga Rama
ORD-00440,Januja Pradhan,Charger,10,3170.24,Central,cancelled,2026-03-03,Jagvi Chokshi
ORD-00441,Lila Rege,Camera,8,9107.14,East,completed,2025-08-11,Brinda Raju
ORD-00442,Charles Natt,Laptop,9,2274.72,Central,returned,2025-03-27,Lajita Trivedi
ORD-00443,Forum Chandra,Phone,5,2061.23,South,pending,2025-07-29,Diya Sundaram
ORD-00444,Bhanumati Krishnan,Charger,1,7465.46,Central,returned,2026-01-31,Quincy Issac
ORD-00445,Gauri Bumb,Monitor,4,7518.42,North,completed,2026-01-22,Anthony Baral
ORD-00446,Inaya Mukherjee,Keyboard,7,7591.44,West,cancelled,2025-07-15,Dalaja Nath
ORD-00447,Kai Chad,Keyboard,10,9160.52,South,cancelled,2025-07-18,Maya Dugar
ORD-00448,Krisha Narasimhan,Monitor,1,7016.14,East,returned,2025-07-06,Idika Pandey
ORD-00449,Girik Sampath,Charger,1,7095.93,North,completed,2026-02-10,Chasmum Keer
ORD-00450,Andrew Patil,Speaker,4,4085.99,South,returned,2025-09-26,David Kurian
ORD-00451,Pranit Kala,Phone,5,2544.44,East,cancelled,2026-02-16,Ayushman Mammen
ORD-00452,Vedika Handa,Monitor,4,3350.83,East,pending,2025-12-15,Max Om
ORD-00453,Laksh Dubey,Charger,3,2972.98,South,pending,2025-12-10,Laksh Chahal
ORD-00454,Chakrika Chaudhuri,Headphones,5,4768.25,North,pending,2025-04-27,Utkarsh Sahni
ORD-00455,Gayathri Deep,Camera,5,6556.47,East,completed,2026-02-20,Michael Sandhu
ORD-00456,Mitesh Gaba,Laptop,6,3221.54,West,completed,2025-06-16,Forum Sen
ORD-00457,Noah Sarma,Monitor,2,3723.52,North,cancelled,2025-05-11,Samuel Devi
ORD-00458,Nirja Patla,Laptop,1,8850.56,East,completed,2025-07-14,Lakshit More
ORD-00459,Sachi Mane,Speaker,8,4765.84,South,cancelled,2026-01-02,Qushi Dhillon
ORD-00460,Vivaan Walla,Speaker,7,8066.6,South,cancelled,2025-09-08,Eesha Bir
ORD-00461,Dayamai Singh,Headphones,3,7278.65,North,returned,2026-01-14,Qarin Nadkarni
ORD-00462,Jhalak Sastry,Keyboard,3,7662.96,East,pending,2026-02-03,Ayushman Nagar
ORD-00463,Baghyawati Raja,Monitor,7,3337.29,East,pending,2025-07-22,Nisha Mitter
ORD-00464,Neel Iyengar,Phone,9,2189.65,North,cancelled,2025-07-02,Anusha Doshi
ORD-00465,Zashil Ben,Keyboard,4,3265.64,North,completed,2025-12-28,Hredhaan Deep
ORD-00466,Kamya Chauhan,Charger,9,647.01,North,cancelled,2025-08-28,Atharv Loke
ORD-00467,Bhavani Chacko,Keyboard,9,8667.03,West,pending,2025-11-09,Vincent Kashyap
ORD-00468,Anjali Sengupta,Phone,6,7463.27,West,returned,2025-11-25,Jagrati Buch
ORD-00469,Rajeshri Chand,Camera,2,357.96,West,pending,2025-04-23,Krish Thakkar
ORD-00470,Shravya Palla,Speaker,7,5621.45,South,cancelled,2025-05-31,Kashvi Gour
ORD-00471,Oeshi Bera,Camera,1,5922.51,West,cancelled,2025-09-07,Vyanjana Som
ORD-00472,Yadavi Prakash,Monitor,7,7255.12,West,pending,2025-06-10,Nihal Hans
ORD-00473,Libni Bumb,Keyboard,1,3091.88,West,pending,2026-03-09,Bachittar Rege
ORD-00474,Udarsh Bala,Monitor,8,2121.68,East,completed,2026-02-02,Anamika Sachar
ORD-00475,Hardik Nayak,Camera,2,2453.18,Central,returned,2025-08-25,Samaksh Jayaraman
ORD-00476,Laksh Barad,Speaker,6,5782.94,West,pending,2026-01-01,Peter Sarna
ORD-00477,Urmi Dewan,Tablet,10,2607.15,North,returned,2025-09-24,Ekta Shankar
ORD-00478,Saumya Ahluwalia,Headphones,7,5595.3,West,returned,2026-01-08,Prisha Ravel
ORD-00479,Anirudh Kunda,Monitor,10,9444.95,Central,completed,2025-10-06,Lajita Munshi
ORD-00480,Mason Wable,Monitor,7,3507.13,South,cancelled,2026-02-19,Balvan Verma
ORD-00481,Indrajit Mani,Tablet,7,7679.93,South,returned,2025-08-12,Siya Shan
ORD-00482,Charvi Dara,Charger,5,4987.49,West,returned,2026-02-01,Yatan Venkataraman
ORD-00483,William Saini,Charger,2,7289.87,North,returned,2025-04-10,Balveer Ram
ORD-00484,Dev Choudhry,Camera,7,7447.02,North,returned,2025-10-06,Ranveer Manne
ORD-00485,Amol Varma,Monitor,1,4715.12,East,cancelled,2026-01-21,Mitali Modi
ORD-00486,Maanas Manne,Speaker,6,7380.17,North,completed,2025-05-20,Triya Ganesan
ORD-00487,Aarav Pandit,Laptop,3,3650.33,East,returned,2025-04-14,Chaitaly Bhagat
ORD-00488,Omaja Grover,Camera,10,1570.59,East,pending,2025-07-18,Ubika Seth
ORD-00489,Jalsa Bir,Camera,8,5555.15,North,cancelled,2025-12-20,Xiti Chowdhury
ORD-00490,Madhavi Singhal,Headphones,6,2002.67,North,completed,2025-10-02,Krishna Ramaswamy
ORD-00491,Lila Prakash,Monitor,2,8914.77,East,pending,2025-08-23,Ekiya Seshadri
ORD-00492,Amol Parikh,Charger,7,9904.17,South,pending,2025-05-11,Praneel Setty
ORD-00493,Hemani Khosla,Charger,2,9579.92,West,pending,2026-01-17,Suhani Chana
ORD-00494,Gaurangi Deol,Keyboard,4,5333.66,South,returned,2026-02-13,Ekiya Gade
ORD-00495,Indira Nigam,Mouse,7,8421.87,North,returned,2025-10-09,Gavin Comar
ORD-00496,Ucchal Srinivas,Mouse,10,927.44,Central,pending,2026-02-24,Janani Chada
ORD-00497,Krishna Bhatnagar,Mouse,7,8215.36,North,completed,2025-10-26,Yasti Dutta
ORD-00498,Balhaar Memon,Headphones,9,674.44,East,returned,2025-03-31,Lajita Bassi
ORD-00499,Caleb Iyengar,Speaker,2,261.56,Central,completed,2025-05-26,Gautami Doctor
ORD-00500,Diya Mukherjee,Mouse,7,1546.42,Central,returned,2025-06-02,Maanav Gola
ORD-00501,Urvashi Kulkarni,Tablet,5,6379.88,West,returned,2026-02-22,Oni Morar
ORD-00502,Rayaan Mangal,Phone,6,865.09,North,returned,2026-02-06,Sanaya Mani
ORD-00503,Champak Narula,Camera,4,1679.09,West,completed,2025-06-05,Jacob Deep
ORD-00504,Jeet Pillai,Speaker,6,2342.45,South,returned,2026-02-08,Aarush Kulkarni
ORD-00505,Mugdha Sarraf,Charger,3,4667.89,Central,completed,2025-04-11,Tara Tank
ORD-00506,Harinakshi Grover,Keyboard,2,791.41,West,returned,2025-06-24,Abdul Tak
ORD-00507,Widisha Pillai,Phone,9,6448.74,South,cancelled,2025-04-01,Teerth Soni
ORD-00508,Fitan Samra,Headphones,2,9351.26,North,returned,2025-09-13,Nimrat Sathe
ORD-00509,Qushi Gole,Camera,9,9143.96,North,pending,2025-04-08,Abeer Konda
ORD-00510,Ekani Chauhan,Headphones,9,6659.99,East,completed,2026-03-11,Sarthak Bawa
ORD-00511,Falak Merchant,Headphones,4,353.17,South,cancelled,2025-08-06,Manbir Bhakta
ORD-00512,Sanaya Sandhu,Tablet,6,5414.68,South,completed,2025-12-18,Balhaar Dhillon
ORD-00513,Sachi Panchal,Laptop,6,4230.12,West,returned,2025-06-05,Chanchal Narula
ORD-00514,Brijesh Pandit,Laptop,3,362.92,Central,pending,2025-07-04,Chandran Chopra
ORD-00515,Anvi Bhandari,Headphones,4,7276.49,Central,pending,2025-08-10,Pranav Edwin
ORD-00516,Nidra Patla,Mouse,2,5449.23,East,pending,2026-02-02,Peter Shah
ORD-00517,Azaan Dhar,Charger,3,3008.55,East,returned,2025-09-16,Balendra Chander
ORD-00518,Bakhshi Date,Phone,5,5120.72,East,returned,2025-10-02,Ekantika Pillay
ORD-00519,Warinder Peri,Mouse,4,7038.02,South,pending,2025-08-21,Ekansh Sane
ORD-00520,Leela Bali,Monitor,3,4418.62,North,returned,2025-11-21,Brinda Sinha
ORD-00521,Shivani Prabhakar,Charger,10,9408.18,North,returned,2026-03-13,Jairaj Maharaj
ORD-00522,Sachi Bose,Headphones,3,1955.82,West,cancelled,2025-05-07,Odika Vohra
ORD-00523,Jeevika Rao,Monitor,2,9195.88,Central,returned,2025-12-09,Shaurya Bhardwaj
ORD-00524,Arya Krish,Mouse,3,5337.98,Central,cancelled,2025-03-31,Gagan Sule
ORD-00525,Atharv Grewal,Monitor,8,2560.49,West,pending,2025-06-21,Prisha Nadig
ORD-00526,Zarna Ram,Headphones,8,6272.85,South,completed,2025-08-11,Irya Dayal
ORD-00527,Adweta Lad,Tablet,10,2672.7,North,returned,2025-09-25,Zinal Tank
ORD-00528,Tanish Mangal,Laptop,10,3672.52,East,pending,2025-11-05,Pranit Kaul
ORD-00529,Ryan Das,Phone,8,7989.38,North,pending,2025-09-09,Rishi Agarwal
ORD-00530,Ethan Seth,Monitor,10,973.39,West,returned,2025-05-27,Arjun Shroff
ORD-00531,Sai Chahal,Headphones,10,9600.12,North,completed,2026-02-21,Sarthak Sachdeva
ORD-00532,Idika Bhattacharyya,Tablet,6,4697.18,East,completed,2025-09-20,Chakradev Nath
ORD-00533,Charita Dugar,Speaker,6,2582.44,Central,returned,2025-11-02,Simon Apte
ORD-00534,Janaki Trivedi,Mouse,3,7031.92,West,pending,2025-10-20,Baghyawati Kumar
ORD-00535,Jairaj Iyer,Laptop,8,3138.75,South,returned,2025-08-02,Darika Mital
ORD-00536,Warjas Tak,Speaker,2,8314.01,North,completed,2025-07-31,Abeer Comar
ORD-00537,Jalsa Pillay,Headphones,8,989.05,North,returned,2025-05-22,Harita Randhawa
ORD-00538,Kai Chadha,Phone,8,9917.41,South,pending,2026-02-08,Parth Hari
ORD-00539,Dayamai Rao,Mouse,5,6567.97,South,completed,2026-03-02,Hamsini Srinivas
ORD-00540,Nirja Rout,Tablet,5,509.51,East,completed,2025-06-28,Balendra Deshpande
ORD-00541,Jeremiah Nadig,Mouse,10,4170.73,North,completed,2026-01-04,Nachiket Sharma
ORD-00542,Shivani Shukla,Speaker,1,3895.26,West,pending,2026-02-05,Turvi Sachdev
ORD-00543,Kabir Gopal,Speaker,6,4863.85,North,returned,2025-12-12,Chandani Mutti
ORD-00544,Rachita Thakkar,Charger,9,6439.13,East,completed,2025-04-24,Sathvik Narula
ORD-00545,Jeet Vasa,Keyboard,2,7086.88,West,pending,2025-07-08,Dominic Dixit
ORD-00546,Daksha Gala,Mouse,5,1009.32,West,pending,2025-03-30,Azaan Nori
ORD-00547,Ekantika Kar,Charger,8,8483.23,West,cancelled,2025-08-17,Noah Ramachandran
ORD-00548,Zilmil Mander,Speaker,8,6519.09,East,completed,2025-04-08,Jackson Morar
ORD-00549,Zashil Hegde,Monitor,1,3445.45,North,pending,2025-05-22,Azad Magar
ORD-00550,Jeremiah Mitter,Speaker,1,9776.83,Central,returned,2026-02-14,Gabriel Taneja
ORD-00551,Yadavi Ganguly,Mouse,6,9742.63,West,pending,2025-10-28,Kamya Seth
ORD-00552,Onveer Nazareth,Tablet,5,8967.95,South,pending,2026-01-16,Tarak Vohra
ORD-00553,Ayush Bumb,Mouse,2,9206.69,East,cancelled,2025-06-11,Parth Choudhury
ORD-00554,Alka Kade,Mouse,2,2450.71,West,completed,2026-02-15,Baljiwan Jaggi
ORD-00555,Azaan Tank,Camera,10,9031.47,East,pending,2025-06-13,Sachi Toor
ORD-00556,Chasmum Subramanian,Headphones,10,6983.42,South,returned,2025-11-26,Vasudha Tella
ORD-00557,Nidra Mishra,Camera,9,5753.48,West,cancelled,2025-06-15,Ranveer Oak
ORD-00558,Elijah Bhasin,Speaker,7,2855.73,North,pending,2025-12-08,Dayita Narang
ORD-00559,Ria Sagar,Mouse,8,9255.76,East,returned,2025-06-08,Guneet Varty
ORD-00560,Ucchal Jani,Headphones,10,6906.4,West,completed,2025-07-02,Samesh Bansal
ORD-00561,Maanas Munshi,Camera,9,2946.66,West,cancelled,2025-11-28,Lila Vig
ORD-00562,Hemani Rastogi,Mouse,1,5520.7,East,pending,2025-08-26,Aayush Mukhopadhyay
ORD-00563,Kamala Varma,Phone,8,6648.47,South,cancelled,2025-10-05,Gagan Nath
ORD-00564,Eiravati Khurana,Camera,10,1956.67,East,returned,2025-03-27,Chakradhar Chauhan
ORD-00565,Jason Loke,Headphones,4,8533.19,Central,completed,2026-02-18,Arin Muni
ORD-00566,Yug Dhaliwal,Camera,6,352.45,North,completed,2026-01-17,Ekani Iyer
ORD-00567,Chandresh Mannan,Keyboard,10,2229.15,South,completed,2026-01-12,Bhavini Malhotra
ORD-00568,Omya Kothari,Keyboard,8,1612.08,North,completed,2025-12-09,Ridhi Dalal
ORD-00569,Falak Munshi,Speaker,9,8241.77,North,pending,2025-03-23,Manthan Dugar
ORD-00570,Nathaniel Tara,Phone,3,8243.84,East,returned,2025-09-20,Ishwar Aurora
ORD-00571,Wishi Morar,Tablet,1,9301.97,Central,cancelled,2026-03-08,Samuel Palla
ORD-00572,Arin Chana,Tablet,8,3131.91,West,pending,2025-05-10,Anika Dhaliwal
ORD-00573,Yashasvi Shankar,Headphones,2,5725.79,Central,cancelled,2025-11-26,Yash Garg
ORD-00574,Tanveer Pandit,Monitor,6,5752.62,South,completed,2025-05-26,Deepa Nigam
ORD-00575,Chandresh Manda,Tablet,2,8523.54,Central,returned,2025-11-08,Chandresh De
ORD-00576,Upma Mangal,Headphones,9,6833.94,North,pending,2026-01-25,Urishilla Bedi
ORD-00577,Hritik Sankar,Phone,3,5496.51,West,cancelled,2025-03-23,Leela Bhagat
ORD-00578,Aishani Pau,Monitor,1,3960.69,Central,cancelled,2025-06-14,Pooja Ramanathan
ORD-00579,Jasmit Bath,Monitor,4,7448.5,West,pending,2025-06-26,Sanaya Parekh
ORD-00580,Charan Hayer,Keyboard,8,7945.88,Central,cancelled,2025-11-11,Gaurangi Hora
ORD-00581,Bhavya Borah,Speaker,8,6954.24,West,cancelled,2026-01-26,Udyati Deep
ORD-00582,Yamini Seshadri,Mouse,9,967.59,Central,pending,2025-07-16,Upadhriti Chatterjee
ORD-00583,Jagat Dave,Monitor,9,7504.47,South,returned,2025-12-21,Dayita Shroff
ORD-00584,Meera Prakash,Laptop,10,3588.42,West,pending,2025-12-20,Vincent Kapur
ORD-00585,Jasmit Dhawan,Headphones,3,1156.32,East,pending,2025-11-24,Aarna Patla
ORD-00586,Yashodhara Ratti,Monitor,6,2474.01,North,returned,2025-07-04,Qadim Narayanan
ORD-00587,Chakradev Barad,Monitor,6,943.98,West,cancelled,2025-08-31,Sudiksha Sura
ORD-00588,Gauri Som,Charger,5,6129.65,North,pending,2026-03-02,Dhruv Soman
ORD-00589,Manthan Varma,Laptop,7,6214.88,Central,cancelled,2025-08-13,Indali Srinivas
ORD-00590,Falak Nagar,Charger,7,6035.96,Central,cancelled,2026-02-13,Onkar Mandal
ORD-00591,Maya Mistry,Monitor,6,9694.42,Central,cancelled,2025-08-02,Joshua Trivedi
ORD-00592,Yashica Upadhyay,Mouse,10,3397.49,Central,pending,2025-09-14,Nidra Chhabra
ORD-00593,Chandani Soman,Laptop,1,6413.4,Central,returned,2025-06-25,Ekavir Mittal
ORD-00594,Jyoti Narula,Keyboard,6,7877.77,South,completed,2025-06-12,Nandini Sachdev
ORD-00595,Omaja Morar,Camera,2,4614.39,North,returned,2025-09-17,Yagnesh Dutt
ORD-00596,Urvi Lanka,Monitor,6,2434.76,West,pending,2025-07-15,Leena Bhatti
ORD-00597,Charan Srinivasan,Monitor,2,5618.77,South,returned,2025-12-07,Sathvik Sankar
ORD-00598,Lajita Divan,Speaker,9,3878.18,South,completed,2025-10-08,Hema Keer
ORD-00599,Azad Choudhary,Speaker,7,2019.23,South,returned,2026-02-03,Faras Sur
ORD-00600,Anirudh Sastry,Charger,5,5940.58,South,pending,2025-11-17,Ubika Nanda
ORD-00601,Omya Doshi,Headphones,5,3923.71,South,cancelled,2025-08-21,Sai Goda
ORD-00602,Samar Roy,Mouse,10,7766.24,North,completed,2025-11-01,Nidra Boase
ORD-00603,David Devi,Headphones,3,3093.72,West,returned,2025-04-28,Ladli Narang
ORD-00604,Ekta Sridhar,Camera,6,2614.21,North,pending,2025-03-22,Darsh Chana
ORD-00605,Dipta Ghose,Monitor,2,919.37,West,completed,2025-10-04,Liam Acharya
ORD-00606,Hema Pandya,Mouse,10,2825.13,South,completed,2025-12-02,Manthan Sethi
ORD-00607,Veda Handa,Laptop,3,3923.0,South,returned,2026-02-10,Madhavi Sekhon
ORD-00608,Arya Misra,Monitor,6,7881.12,Central,pending,2026-02-08,Samesh Nadig
ORD-00609,Chameli Mani,Keyboard,5,1710.91,East,pending,2025-08-12,Daksha Saran
ORD-00610,Vrinda Nadig,Monitor,7,4017.3,East,completed,2025-10-24,Gaurav Anand
ORD-00611,Ikshita Mahal,Tablet,3,3733.86,North,completed,2025-11-26,Joshua Menon
ORD-00612,Jairaj Raghavan,Mouse,10,1095.9,North,cancelled,2025-11-05,Kala Bera
ORD-00613,Hemani Dhingra,Tablet,2,9440.01,West,returned,2025-11-11,Jagrati Choudhary
ORD-00614,Brijesh Mani,Charger,5,4557.41,Central,cancelled,2025-07-07,Azaan Keer
ORD-00615,Hiral Sathe,Speaker,9,7660.2,West,completed,2025-07-13,Meera Nadkarni
ORD-00616,Varenya Kala,Laptop,7,1200.87,Central,completed,2025-12-10,Nidra Raj
ORD-00617,Anika Magar,Monitor,6,1054.51,East,pending,2025-04-30,Siddharth Ghose
ORD-00618,Ikbal Khatri,Charger,3,4422.6,East,pending,2025-09-23,Liam Guha
ORD-00619,Chandresh Wali,Charger,9,5657.45,Central,cancelled,2025-04-13,Jagvi Sahni
ORD-00620,Viraj Ben,Laptop,2,5220.92,West,completed,2025-07-28,Bhavya Dass
ORD-00621,Odika Narayanan,Phone,7,1211.27,North,returned,2025-07-05,Advay Bora
ORD-00622,Harish Devan,Monitor,9,1077.26,Central,pending,2025-11-23,Maanas Sur
ORD-00623,Nakul Ray,Tablet,6,5630.35,Central,pending,2025-07-24,Laban Chad
ORD-00624,Vansha Iyengar,Mouse,1,6048.86,Central,completed,2026-02-17,Ojasvi Shah
ORD-00625,Ekani Mangal,Tablet,6,7886.5,West,returned,2025-07-05,Pranit Sha
ORD-00626,Gaurav Kata,Laptop,5,8663.44,North,cancelled,2025-06-29,Shivani Rajagopalan
ORD-00627,Parth Sahni,Camera,3,319.94,West,returned,2025-11-29,Upkaar Grewal
ORD-00628,Balhaar Ranganathan,Monitor,4,4254.34,South,completed,2025-12-21,Abhimanyu Tara
ORD-00629,Quincy Mann,Keyboard,6,7834.86,South,returned,2026-03-01,Yachana Luthra
ORD-00630,Aditya Misra,Headphones,8,7302.47,Central,returned,2025-11-28,Jeevika Bandi
ORD-00631,Gautami Mane,Mouse,4,5682.46,Central,completed,2025-07-14,Vasudha Pillay
ORD-00632,Wakeeta Desai,Keyboard,4,9927.76,Central,cancelled,2025-06-01,Vasatika Buch
ORD-00633,Anjali Hans,Keyboard,3,2577.88,North,returned,2025-05-17,Ati Shroff
ORD-00634,Ganga Gaba,Monitor,3,5305.82,North,completed,2025-10-06,Gaurang Korpal
ORD-00635,Aarini Grewal,Camera,2,6915.1,Central,returned,2026-01-11,Faras Zacharia
ORD-00636,Geetika Merchant,Monitor,5,1860.12,North,completed,2025-06-21,Chatresh Oza
ORD-00637,Parth Ravi,Camera,2,2834.41,East,cancelled,2026-03-04,Upasna Setty
ORD-00638,Yutika Narang,Phone,9,2829.39,Central,pending,2025-04-11,Garima Sama
ORD-00639,Nandini Chandran,Mouse,9,1629.16,East,cancelled,2026-01-26,Chaitaly Mann
ORD-00640,Logan Sood,Laptop,9,1837.63,West,pending,2026-02-15,Balendra Modi
ORD-00641,Yuvraj Ahuja,Speaker,1,2903.43,East,pending,2026-01-25,Darsh Solanki
ORD-00642,Leela Keer,Laptop,6,3136.57,West,returned,2026-01-28,Charan Manne
ORD-00643,Amara Narayan,Keyboard,10,7869.13,West,completed,2025-11-08,Bhavini Sundaram
ORD-00644,Advay Lal,Headphones,3,3738.02,Central,completed,2025-08-23,Jonathan Tiwari
ORD-00645,Warinder Bhatia,Phone,10,9452.38,Central,completed,2025-12-01,Arunima Krishnan
ORD-00646,Udyati Mohanty,Laptop,7,7263.81,West,cancelled,2025-07-22,Avni Maharaj
ORD-00647,Nidra Thakkar,Laptop,3,5057.86,North,cancelled,2025-12-09,Akshay Choudhury
ORD-00648,Jacob Merchant,Headphones,3,6242.35,South,cancelled,2025-05-13,Matthew Sekhon
ORD-00649,Timothy Kanda,Headphones,3,4686.04,East,cancelled,2025-12-25,Parth Lal
ORD-00650,Vanya Dua,Laptop,10,1526.8,West,returned,2025-03-29,Vedhika Golla
ORD-00651,Kashvi Sagar,Charger,3,265.32,South,returned,2025-11-29,Hemal Chad
ORD-00652,Tejas Kota,Tablet,8,4076.78,Central,pending,2025-09-29,Mitesh Tandon
ORD-00653,Sanya Wable,Headphones,1,8446.81,Central,pending,2025-07-12,Leela Khanna
ORD-00654,Faras Choudhury,Tablet,7,3921.92,West,completed,2025-06-28,Oliver Kade
ORD-00655,Yashasvi Jain,Mouse,6,8648.54,North,cancelled,2026-03-07,Chatura Lalla
ORD-00656,Nitesh Narang,Phone,4,4513.18,West,returned,2025-08-29,Charles Ganesh
ORD-00657,Jackson Jha,Charger,8,4419.04,East,pending,2025-08-24,Mohini Soni
ORD-00658,Gavin Uppal,Headphones,10,8269.65,South,completed,2025-08-17,Vamakshi Walia
ORD-00659,Christopher Setty,Mouse,5,6579.16,North,completed,2025-12-31,Ladli Ramakrishnan
ORD-00660,Yochana Sagar,Camera,8,6024.05,West,cancelled,2025-04-02,Adweta Dhillon
ORD-00661,Dalbir Shere,Keyboard,4,3143.27,East,cancelled,2025-11-01,Advik Mani
ORD-00662,Anthony Randhawa,Tablet,9,6110.47,East,completed,2025-12-19,Lavanya Mutti
ORD-00663,Aarush Kamdar,Charger,4,7012.86,North,cancelled,2025-10-28,Gunbir Wali
ORD-00664,Chakradev Sampath,Charger,5,4893.3,East,cancelled,2026-01-30,Rachana Mahajan
ORD-00665,Devansh Bhasin,Phone,8,1939.85,East,pending,2025-06-01,Anamika Loke
ORD-00666,Urmi Balay,Tablet,4,4101.75,East,pending,2025-07-31,Aadhya Raman
ORD-00667,Nilima Gole,Camera,6,3326.55,East,pending,2025-12-27,Wyatt Hayer
ORD-00668,Osha Prasad,Phone,10,7400.77,West,returned,2025-12-22,Pranit Munshi
ORD-00669,Saumya Purohit,Charger,8,6401.44,North,cancelled,2025-06-14,Abhiram Bir
ORD-00670,Faris Zacharia,Laptop,8,9683.08,South,pending,2025-12-11,Nisha Chaudhari
ORD-00671,Ijaya Dani,Camera,5,7862.35,South,pending,2025-10-13,Sanaya Panchal
ORD-00672,Maya Wadhwa,Charger,7,3392.69,East,completed,2025-11-22,Bhanumati Krishnamurthy
ORD-00673,Udant Aggarwal,Monitor,9,2945.94,West,pending,2026-01-18,Bahadurjit Bajwa
ORD-00674,Chanchal Sheth,Monitor,9,7900.49,East,completed,2025-09-20,Dakshesh Kalla
ORD-00675,Ladli Karpe,Headphones,7,3776.15,East,cancelled,2026-03-07,Jagdish Chadha
ORD-00676,Triveni Pal,Phone,3,9333.26,West,completed,2026-03-20,Keya Goyal
ORD-00677,Anya Gulati,Charger,4,2157.04,Central,pending,2025-12-05,Qarin Kulkarni
ORD-00678,Azad Saini,Headphones,10,9972.2,North,returned,2025-08-06,Unni Borra
ORD-00679,Wridesh Jhaveri,Phone,3,1962.29,South,returned,2025-10-03,Aradhana Sane
ORD-00680,Harrison Bandi,Camera,5,7721.66,West,cancelled,2025-07-14,Aarini Edwin
ORD-00681,Chanakya Konda,Charger,1,462.78,South,pending,2026-02-11,Aradhana Bhatia
ORD-00682,Neelima Sarna,Phone,8,7325.69,West,cancelled,2025-05-25,Lipika Natarajan
ORD-00683,Teerth Bhalla,Charger,6,9440.15,West,completed,2026-02-09,Aarna Lanka
ORD-00684,Yahvi Mann,Laptop,9,2253.55,Central,cancelled,2025-11-30,Ridhi Boase
ORD-00685,Eiravati Nagi,Keyboard,2,8016.32,East,returned,2026-02-23,Sai Ramaswamy
ORD-00686,Chasmum Dhar,Speaker,9,8345.56,North,cancelled,2025-10-22,Vyanjana Chopra
ORD-00687,Odika Mital,Monitor,2,876.75,Central,completed,2025-05-29,Raagini Kamdar
ORD-00688,Darsh Gill,Keyboard,5,8507.32,South,pending,2025-07-12,Riya Lad
ORD-00689,Warhi Batta,Phone,2,7990.45,North,cancelled,2025-04-26,Bakhshi Bora
ORD-00690,Lakshmi Vohra,Speaker,3,6794.18,East,completed,2025-09-18,Zashil Sehgal
ORD-00691,Omaja Rege,Keyboard,5,1562.96,Central,returned,2025-05-08,Widisha Dixit
ORD-00692,Charita Puri,Laptop,8,3166.76,West,pending,2026-01-01,Baljiwan Ramakrishnan
ORD-00693,Urvashi Khosla,Monitor,9,2675.28,South,cancelled,2025-06-28,Max Narayan
ORD-00694,Charita Dhawan,Mouse,3,1709.6,Central,cancelled,2025-12-26,Aarush Varma
ORD-00695,Dalbir Sachar,Phone,7,4345.65,Central,returned,2026-01-27,Vanya Sarin
ORD-00696,Krish Rama,Monitor,2,3893.51,North,cancelled,2025-10-23,Ekaraj Zachariah
ORD-00697,Aadhya Jani,Keyboard,4,4599.85,South,returned,2026-01-10,Aarush Rajagopalan
ORD-00698,Farhan Sengupta,Mouse,8,6058.75,South,returned,2026-03-09,Jairaj Wason
ORD-00699,George Wason,Tablet,6,5904.99,South,pending,2025-05-30,Gauri Mitter
ORD-00700,Charan Loyal,Monitor,1,5435.8,North,returned,2025-12-08,Christopher Chana
ORD-00701,Balveer Bora,Tablet,7,9249.26,South,returned,2026-03-04,Harini Buch
ORD-00702,Teerth Srinivas,Speaker,1,8721.41,North,returned,2025-07-28,Bimala Jain
ORD-00703,Gaurangi Mitter,Camera,7,4298.35,West,cancelled,2025-11-29,Balveer Rajagopalan
ORD-00704,Siddharth Gupta,Charger,9,559.3,North,returned,2025-04-23,Chandani Ramakrishnan
ORD-00705,Varenya Kibe,Speaker,6,9689.59,East,returned,2025-06-14,Jagrati Sur
ORD-00706,Mekhala Khatri,Mouse,4,7075.02,South,returned,2025-08-04,Raksha Gupta
ORD-00707,Barkha Rai,Mouse,7,8159.51,East,returned,2025-06-14,Balendra Hans
ORD-00708,Jagrati Morar,Monitor,2,6018.44,East,cancelled,2026-01-03,William Suresh
ORD-00709,Jagvi Varghese,Charger,6,9160.13,West,returned,2026-02-21,Dev Zachariah
ORD-00710,Unnati Chaudhari,Camera,4,1270.82,Central,completed,2025-07-17,Xalak Walla
ORD-00711,Ekaja Jani,Keyboard,1,2631.66,West,completed,2025-08-30,Amol Bansal
ORD-00712,Dhriti Sachdev,Headphones,6,6713.0,North,completed,2026-01-20,Daksh Nazareth
ORD-00713,Timothy Dhingra,Phone,2,1829.12,North,pending,2026-02-27,Nidra Dani
ORD-00714,Advika Sahni,Camera,6,6203.24,South,completed,2025-07-26,Tara Yadav
ORD-00715,Michael Hayre,Mouse,3,5718.56,East,completed,2025-08-11,Viraj Bora
ORD-00716,Victor Raghavan,Headphones,3,6520.31,West,pending,2025-06-29,Lohit Suresh
ORD-00717,Xalak Nazareth,Mouse,1,6537.09,Central,cancelled,2025-11-02,Urishilla Bath
ORD-00718,Vrinda Swaminathan,Charger,5,9673.75,West,cancelled,2025-07-12,Kalpit Atwal
ORD-00719,Om Pandey,Charger,8,3448.65,South,pending,2025-09-16,Chandresh Mohanty
ORD-00720,Logan Suresh,Monitor,3,8002.06,West,cancelled,2026-02-13,Tanmayi Garde
ORD-00721,Daniel Viswanathan,Keyboard,8,1237.26,Central,pending,2025-05-04,Hitesh Comar
ORD-00722,Falan Bava,Laptop,8,1165.34,Central,returned,2025-09-18,Thomas Bhatnagar
ORD-00723,Nitara Devan,Mouse,10,2374.61,East,cancelled,2025-04-09,Pooja Nazareth
ORD-00724,Ekansh Dora,Keyboard,1,7518.16,East,pending,2026-02-19,Ekta Dara
ORD-00725,Tejas Tiwari,Tablet,2,5667.34,South,returned,2025-11-21,Ekanta Kala
ORD-00726,Kashvi Bhasin,Mouse,1,6938.11,East,returned,2025-11-01,Oscar Nayak
ORD-00727,Vinaya Babu,Headphones,5,2365.11,North,completed,2025-10-31,Jai Mahal
ORD-00728,Nisha Arora,Keyboard,4,3865.37,East,pending,2025-11-16,Ojasvi Ganguly
ORD-00729,Anvi Wason,Camera,3,4737.02,North,pending,2025-04-16,Nitesh Sarna
ORD-00730,Anay Thakkar,Keyboard,9,6858.64,West,completed,2025-09-19,Banjeet Deol
ORD-00731,Praneel Chhabra,Camera,10,6965.29,North,cancelled,2026-02-28,Krisha Dugar
ORD-00732,Manthan Khosla,Charger,9,1676.3,South,pending,2025-06-03,Vidhi Buch
ORD-00733,Zayyan Pandya,Camera,7,9976.49,Central,returned,2025-09-30,Abhimanyu Gola
ORD-00734,Mekhala Brar,Speaker,2,4930.16,South,pending,2025-05-05,Bhanumati Saha
ORD-00735,Nidra Sharaf,Laptop,5,3094.24,South,completed,2026-02-19,Jonathan Jhaveri
ORD-00736,Upkaar Mital,Speaker,4,9220.37,South,pending,2025-12-09,Anika Virk
ORD-00737,Azad Chander,Headphones,5,1040.38,South,cancelled,2025-08-15,Nisha Khare
ORD-00738,Ladli Purohit,Phone,2,8345.91,East,completed,2025-10-11,Baljiwan Gole
ORD-00739,Daksh Andra,Headphones,1,7354.48,West,completed,2025-07-13,Gaurang Mitra
ORD-00740,Fitan Tata,Monitor,4,3612.62,Central,returned,2025-08-27,Omya Agrawal
ORD-00741,Garima Chandran,Mouse,7,3561.05,North,pending,2025-04-09,Rehaan Dalal
ORD-00742,Victor Kakar,Speaker,10,7884.85,North,completed,2026-02-21,Janaki Zacharia
ORD-00743,Anika Batra,Headphones,8,5305.93,West,cancelled,2026-02-14,Ucchal Joshi
ORD-00744,Avni Bali,Mouse,2,3612.34,South,cancelled,2025-05-17,Chatresh Hari
ORD-00745,Divya Babu,Mouse,2,1155.71,South,cancelled,2025-05-12,Manthan Som
ORD-00746,Maanas Rao,Mouse,8,7274.54,Central,returned,2025-06-05,Patrick Dutta
ORD-00747,Chandani Gaba,Laptop,10,4632.98,North,cancelled,2025-07-31,Chatura Patla
ORD-00748,Lopa Zachariah,Phone,9,857.31,South,returned,2025-08-25,Shaurya Saran
ORD-00749,Leena Dey,Camera,1,636.89,East,cancelled,2025-10-27,Gaurika Setty
ORD-00750,Xiti Pal,Headphones,9,7164.63,Central,pending,2026-03-01,Hemang Ben
ORD-00751,Guneet Sarkar,Monitor,10,420.33,East,cancelled,2026-03-07,Nakul Balakrishnan
ORD-00752,Faqid Oak,Headphones,4,3561.16,East,cancelled,2025-09-13,Yutika D’Alia
ORD-00753,Eta Balan,Camera,3,1270.75,West,returned,2025-05-14,Wahab Saxena
ORD-00754,Shravya Swaminathan,Charger,5,8039.49,West,pending,2025-07-20,Oni Issac
ORD-00755,Ishani Prashad,Keyboard,7,9312.24,East,pending,2026-02-17,Victor Choudhary
ORD-00756,Quincy Rai,Mouse,1,7455.8,West,returned,2025-12-22,Vedant Chaudhari
ORD-00757,Chakrika Koshy,Speaker,10,5255.74,East,pending,2025-05-29,Nitara Iyengar
ORD-00758,Fitan Loyal,Speaker,6,5607.72,South,cancelled,2026-01-16,Thomas Borah
ORD-00759,Lajita Dube,Keyboard,4,3442.7,West,cancelled,2025-04-20,Vedhika Bhagat
ORD-00760,Edhitha Patel,Monitor,10,4377.42,East,pending,2025-09-25,Maanav Kalita
ORD-00761,Gavin Ahluwalia,Speaker,7,4727.13,Central,cancelled,2025-07-27,Pranav Ram
ORD-00762,Sai Parsa,Keyboard,3,8017.01,Central,pending,2025-11-20,Laban Shankar
ORD-00763,Harsh Deo,Keyboard,2,6370.65,West,returned,2025-05-27,Jagrati Madan
ORD-00764,Rachit Sankar,Mouse,9,2025.59,Central,returned,2025-07-19,Gautami Datta
ORD-00765,Yauvani Reddy,Camera,6,6640.62,North,returned,2025-11-21,Darpan Mand
ORD-00766,Atharv Chakraborty,Camera,2,4075.71,North,completed,2025-04-11,Indrajit Shroff
ORD-00767,Girik Nair,Camera,9,7425.41,Central,cancelled,2025-03-21,Omya Garg
ORD-00768,Advik Manne,Headphones,9,8853.35,East,returned,2025-09-11,Thomas Merchant
ORD-00769,Lipika Chad,Phone,9,4604.84,Central,pending,2025-07-04,Onkar Karpe
ORD-00770,Omkaar Rai,Headphones,9,4408.62,Central,pending,2025-06-09,Nisha Vig
ORD-00771,Liam Luthra,Keyboard,9,242.61,Central,returned,2026-01-09,Tarak Solanki
ORD-00772,Amrita Tailor,Phone,1,2304.0,East,returned,2026-01-14,Arya Atwal
ORD-00773,Dev Ganesh,Speaker,7,2926.78,East,returned,2025-05-24,Yatin Kota
ORD-00774,Anya Sama,Tablet,8,7095.85,North,pending,2025-10-29,Radha Kapadia
ORD-00775,Veda Bose,Headphones,1,7999.88,West,completed,2026-01-10,Abdul Sahni
ORD-00776,Zayan Koshy,Headphones,7,5857.01,North,returned,2025-05-20,Banjeet Singhal
ORD-00777,Rohan Shankar,Mouse,6,8034.12,East,pending,2025-09-26,Pavani Wali
ORD-00778,Krishna Modi,Camera,5,5460.51,East,pending,2026-01-18,Varenya Chaudhari
ORD-00779,Meghana Natarajan,Charger,1,3783.77,East,returned,2026-01-10,Warhi Khosla
ORD-00780,Forum Sarraf,Speaker,6,2130.33,East,cancelled,2026-01-16,Advik Ray
ORD-00781,Qushi Deshpande,Charger,2,1315.76,East,pending,2025-04-23,Kevin Parmer
ORD-00782,Ekani Iyer,Camera,6,6771.87,East,cancelled,2025-05-09,William Chana
ORD-00783,Dipta Goel,Phone,4,4995.94,South,cancelled,2025-11-13,Varsha Mody
ORD-00784,Eiravati Manne,Headphones,2,9664.98,South,completed,2025-09-04,Tripti Bajwa
ORD-00785,Xavier Nanda,Camera,10,3270.36,Central,pending,2025-11-21,Ubika Devi
ORD-00786,Avni Ramaswamy,Headphones,6,4007.66,South,completed,2025-09-02,Qasim Prabhakar
ORD-00787,Ishaan Iyengar,Keyboard,3,4045.93,North,returned,2025-08-23,Aarav Bobal
ORD-00788,Avi Shenoy,Tablet,1,1318.47,Central,completed,2025-09-02,Gaurangi Wali
ORD-00789,Raksha Manne,Camera,6,3648.45,West,returned,2025-09-21,Chaman Sandhu
ORD-00790,Nilima Tata,Laptop,9,4686.03,East,cancelled,2025-08-15,Sarthak Buch
ORD-00791,Chavvi Khurana,Speaker,6,1889.77,South,pending,2025-03-21,Christopher Varma
ORD-00792,Mitesh Sampath,Tablet,3,6800.17,North,completed,2025-04-03,Charan Choudhry
ORD-00793,Ethan Sen,Camera,8,8045.01,West,pending,2025-10-13,Jasmit Shroff
ORD-00794,Nandini Warrior,Laptop,8,9202.09,East,cancelled,2025-06-05,Jasmit Peri
ORD-00795,Balhaar Parsa,Laptop,3,5982.65,East,cancelled,2025-12-28,Ekalinga Jayaraman
ORD-00796,Ikbal Kothari,Speaker,3,6785.68,West,cancelled,2025-08-11,Gaurika Khare
ORD-00797,Ojas Basu,Camera,2,3268.22,West,cancelled,2025-03-25,Vanya Kadakia
ORD-00798,Garima Sani,Tablet,8,2537.01,West,cancelled,2026-03-01,Ekani Pandit
ORD-00799,Advaith Chaudhari,Mouse,1,1345.1,North,cancelled,2025-07-23,Yahvi Sampath
ORD-00800,Tristan Uppal,Phone,5,3857.4,Central,completed,2026-01-07,Chatura Bhatnagar
ORD-00801,Sanaya Prasad,Laptop,4,1584.31,Central,pending,2026-02-06,Hemani Sethi
ORD-00802,Ubika Tella,Charger,1,4005.94,South,completed,2025-10-12,Yachana Vyas
ORD-00803,Hemani Bakshi,Camera,4,6043.97,East,cancelled,2025-06-02,Upma Wali
ORD-00804,Henry Merchant,Mouse,1,5832.1,South,returned,2025-03-26,Siya Pillai
ORD-00805,Frederick D’Alia,Mouse,6,4344.78,Central,returned,2025-12-07,Raghav Shankar
ORD-00806,Ijaya Muni,Mouse,5,4968.37,West,cancelled,2025-03-21,Faris Raman
ORD-00807,Tamanna Jhaveri,Keyboard,9,5465.32,East,cancelled,2025-11-18,Bhavya Bose
ORD-00808,Ijaya Soni,Tablet,7,9206.78,Central,cancelled,2025-12-29,Nitesh Majumdar
ORD-00809,Raksha Sethi,Laptop,9,9319.81,East,pending,2025-06-24,Manbir Taneja
ORD-00810,Ekalinga Mital,Camera,8,1896.7,South,pending,2025-06-15,Samarth Verma
ORD-00811,Ishwar Bajaj,Mouse,5,1834.28,Central,completed,2025-12-14,Chaaya Saha
ORD-00812,Ikbal Gala,Phone,1,3029.58,South,pending,2026-02-23,Urvi Palan
ORD-00813,Zaitra Ghosh,Phone,4,2032.57,East,cancelled,2025-07-31,Sachi Bail
ORD-00814,Ganga Sandhu,Monitor,5,8450.46,North,pending,2025-07-19,Ranbir Bhatnagar
ORD-00815,Vincent Ravel,Mouse,6,6269.22,West,returned,2025-05-09,Vincent Venkatesh
ORD-00816,Quincy Sankaran,Phone,1,8681.12,South,returned,2025-04-28,Nisha Oza
ORD-00817,Ayush Hora,Charger,6,9527.05,East,cancelled,2025-08-15,Vedika Wagle
ORD-00818,Pushti Ramachandran,Laptop,5,4948.17,Central,pending,2025-10-01,Tanvi Modi
ORD-00819,Tanish Jha,Tablet,2,2111.26,South,pending,2025-11-03,Damini Garg
ORD-00820,Dev Chaudry,Tablet,6,3961.65,East,completed,2025-07-16,Utkarsh Sule
ORD-00821,Jasmit Nanda,Charger,7,5702.5,North,completed,2025-05-23,Bhavya Batta
ORD-00822,Tanvi Comar,Camera,7,6599.08,South,returned,2025-04-14,Ira Mane
ORD-00823,Vrishti Wable,Phone,8,4208.52,East,cancelled,2026-02-02,Ojas Dyal
ORD-00824,Lipika Ramanathan,Headphones,7,5017.91,South,returned,2025-04-06,Qabil Gill
ORD-00825,Ijaya Pandey,Phone,6,7158.4,East,cancelled,2025-07-13,Neel Khanna
ORD-00826,Orinder Mishra,Speaker,3,4548.75,West,cancelled,2025-07-10,Benjamin Nadig
ORD-00827,Krish Munshi,Monitor,8,1838.08,East,cancelled,2025-09-13,Ridhi Lad
ORD-00828,William Mody,Charger,8,5739.9,East,cancelled,2025-12-27,Qarin Jha
ORD-00829,Qadim Prakash,Charger,6,7998.63,East,pending,2025-10-08,Edhitha Padmanabhan
ORD-00830,Yasti Rama,Charger,9,2360.19,Central,cancelled,2025-11-06,Kashish Sen
ORD-00831,Lakshit Rajagopal,Headphones,5,519.41,East,pending,2025-10-09,Charvi Dara
ORD-00832,Quincy Sur,Speaker,2,2402.47,West,cancelled,2025-07-29,Nidhi Tata
ORD-00833,Ojas Suri,Monitor,7,3027.97,North,pending,2025-09-04,Tara Nagarajan
ORD-00834,Logan Grover,Mouse,2,7850.25,West,pending,2026-02-27,Aayush Tripathi
ORD-00835,Shravya Bera,Mouse,7,5742.37,North,returned,2025-12-11,Chakrika Som
ORD-00836,Aditya Sundaram,Camera,10,7769.97,Central,returned,2025-05-10,Manan Sathe
ORD-00837,Robert Rajagopalan,Charger,3,5053.07,Central,completed,2025-07-31,Isaiah Srinivas
ORD-00838,Nilima Swamy,Monitor,9,5204.9,Central,returned,2026-03-05,Liam Dada
ORD-00839,Sachi Suresh,Camera,5,5811.6,North,returned,2025-09-26,Aryan Ratti
ORD-00840,Fitan Balasubramanian,Charger,6,2824.31,West,cancelled,2025-08-06,Sanaya Parikh
ORD-00841,Brinda Bali,Charger,2,5521.44,South,completed,2026-01-05,Eta Bhakta
ORD-00842,Umang Yogi,Laptop,2,9909.76,Central,returned,2025-06-01,Tristan Mall
ORD-00843,Om Shankar,Charger,6,5511.03,North,returned,2025-05-23,Arin Chacko
ORD-00844,Yasti Chowdhury,Phone,5,7615.51,West,pending,2026-03-07,Gagan Vala
ORD-00845,Amrita Peri,Headphones,5,7647.04,Central,completed,2026-03-11,Robert Swaminathan
ORD-00846,Ridhi Kamdar,Headphones,8,4524.39,East,completed,2026-01-29,Yasti Bhalla
ORD-00847,Harsh Kota,Camera,10,2340.71,West,completed,2025-08-23,Mitali Divan
ORD-00848,Bachittar Sengupta,Phone,7,4365.52,North,pending,2025-03-27,Kala Raju
ORD-00849,Ijaya Chahal,Tablet,3,7411.69,South,completed,2025-06-16,Advik Mane
ORD-00850,Jacob Khalsa,Headphones,8,6604.98,South,completed,2025-06-15,Indali Morar
ORD-00851,Indali Sangha,Tablet,6,2624.81,South,pending,2025-12-27,Gagan Kale
ORD-00852,Liam Jhaveri,Speaker,8,8772.14,East,completed,2025-05-09,Ojasvi Savant
ORD-00853,Daniel Panchal,Phone,1,514.86,West,completed,2025-06-10,Nihal Samra
ORD-00854,Om Naik,Tablet,6,2774.59,Central,cancelled,2025-12-30,Liam Chadha
ORD-00855,Bimala Loke,Laptop,10,8648.56,West,returned,2025-03-28,Sarthak Mitter
ORD-00856,Krishna Sabharwal,Monitor,7,1051.43,South,completed,2025-11-04,Gautami Bhatti
ORD-00857,Aradhana Date,Mouse,5,8678.85,East,pending,2025-10-01,Gaurang Ahuja
ORD-00858,Zaid Dhingra,Charger,1,1349.38,South,cancelled,2025-05-24,Anjali Sachdeva
ORD-00859,Yug Ramaswamy,Mouse,2,8155.51,North,returned,2025-05-06,Turvi Devan
ORD-00860,Lucky Luthra,Camera,7,2255.81,West,returned,2025-08-09,Quincy Raj
ORD-00861,Keya Seth,Laptop,6,7427.61,East,cancelled,2025-12-21,Vritti Basak
ORD-00862,Girik Rau,Headphones,9,6952.51,South,pending,2025-11-27,Daksha Tak
ORD-00863,Jyoti Sha,Camera,3,8637.28,East,returned,2026-01-21,Udarsh Bala
ORD-00864,Falak Agate,Camera,1,6179.57,North,returned,2025-04-03,Mitesh Lala
ORD-00865,Tara Parmar,Mouse,3,4395.04,North,returned,2025-08-12,Urmi Dash
ORD-00866,Mitali Kamdar,Phone,10,6237.28,West,completed,2026-02-23,Omisha Gola
ORD-00867,Siddharth Talwar,Headphones,8,7890.52,East,completed,2025-11-23,Yash Balakrishnan
ORD-00868,Ekantika Mander,Camera,1,8171.59,South,cancelled,2025-06-27,Aradhana Tailor
ORD-00869,Kalpit Sundaram,Charger,3,8092.32,South,cancelled,2026-01-13,Janaki Srivastava
ORD-00870,Chanakya Batra,Headphones,2,5785.73,Central,pending,2025-10-13,Aarna Soni
ORD-00871,Tripti Babu,Monitor,4,5415.35,South,pending,2025-11-17,Kashvi Vala
ORD-00872,Nakul Sastry,Phone,6,6048.21,West,cancelled,2025-04-07,Aashi Gaba
ORD-00873,Aadi Sangha,Speaker,6,1849.1,North,pending,2025-11-05,Madhav Nagarajan
ORD-00874,Kevin Mittal,Headphones,7,9793.2,South,returned,2025-04-07,Krishna Parikh
ORD-00875,Anusha Chander,Tablet,10,3066.82,Central,returned,2025-12-02,Chatresh Mahajan
ORD-00876,Zashil Butala,Camera,1,5811.81,West,pending,2025-04-30,Oni Parekh
ORD-00877,Noah Ben,Tablet,10,9532.49,West,pending,2025-11-28,Bimala Manne
ORD-00878,Dalaja Kaur,Phone,3,5240.27,West,cancelled,2026-02-07,Yoshita Hari
ORD-00879,Gavin Chandran,Laptop,8,9020.52,West,cancelled,2025-03-27,Girindra Ganesh
ORD-00880,Tanay Sood,Tablet,6,8187.77,West,pending,2025-04-07,Diya Mitra
ORD-00881,Kevin Kara,Camera,6,1527.77,West,returned,2025-12-12,Janani Char
ORD-00882,Aditya Anand,Charger,8,7549.92,North,completed,2025-05-03,Maanas Arya
ORD-00883,Jai Sami,Charger,2,4232.64,North,pending,2025-08-28,Zarna Manda
ORD-00884,Vanya Bobal,Camera,10,780.0,Central,cancelled,2025-09-08,Vedhika Sabharwal
ORD-00885,Leela Chakraborty,Mouse,3,2916.77,South,cancelled,2025-08-14,Nicholas Chaudry
ORD-00886,Harshil Munshi,Phone,9,6626.78,East,pending,2025-05-06,Mohammed Thakur
ORD-00887,Chandani Devan,Mouse,6,7072.98,North,cancelled,2025-10-18,Raghav Vora
ORD-00888,Kiaan Dhar,Camera,7,1499.37,East,returned,2025-06-26,Omisha Sharma
ORD-00889,Abhiram Gala,Monitor,6,1632.19,Central,cancelled,2025-09-20,Jackson Deep
ORD-00890,Indali Kala,Camera,5,3355.55,South,completed,2025-12-17,Varsha Pall
ORD-00891,Nisha Savant,Speaker,4,2625.04,North,completed,2025-05-18,Janani Dewan
ORD-00892,Gabriel Chaudhry,Speaker,2,8465.85,North,returned,2025-06-07,Hema Gera
ORD-00893,Jatin Rajagopalan,Mouse,1,4047.47,South,cancelled,2025-12-14,Ayush Dani
ORD-00894,Pushti Murty,Mouse,3,1592.28,South,cancelled,2025-12-11,Kabir Dhar
ORD-00895,Yug Malhotra,Phone,8,6396.54,East,pending,2025-11-19,Damyanti Dass
ORD-00896,Yuvraj Mane,Charger,9,6351.57,East,completed,2025-03-23,Kalpit Brar
ORD-00897,Charvi Jha,Laptop,7,3875.69,South,pending,2025-07-14,Isaac Brahmbhatt
ORD-00898,Manya Merchant,Monitor,9,939.06,North,pending,2025-08-30,Veda Sankar
ORD-00899,Wriddhish Talwar,Keyboard,2,7986.07,West,cancelled,2025-12-01,Ronith Chokshi
ORD-00900,Isaiah Khosla,Charger,5,7734.07,Central,completed,2025-04-28,Yochana Bhargava
ORD-00901,Ekavir Wable,Camera,5,4146.94,Central,pending,2025-12-02,Jagat Kulkarni
ORD-00902,Jalsa Nadig,Laptop,8,7547.06,East,cancelled,2025-10-08,Dominic Mitra
ORD-00903,Lila Salvi,Phone,4,7007.1,South,returned,2025-07-02,Gopal Dasgupta
ORD-00904,Orinder Sinha,Headphones,10,8796.71,North,completed,2025-11-16,Ryan Goyal
ORD-00905,Anay Bir,Charger,5,4655.02,North,cancelled,2025-11-10,Ayush Chana
ORD-00906,Adweta Kale,Charger,8,4981.84,East,returned,2025-12-17,Arunima Pall
ORD-00907,Darpan Rao,Laptop,4,5902.16,East,pending,2025-05-12,Naveen Tella
ORD-00908,Yachana Sagar,Camera,2,8714.3,West,pending,2025-08-29,Yashasvi Bir
ORD-00909,Neelima Butala,Charger,3,8501.24,Central,pending,2026-02-05,Akshay Wadhwa
ORD-00910,Arunima Chacko,Laptop,2,1111.79,Central,returned,2026-03-03,Rehaan Manda
ORD-00911,Farhan Vaidya,Tablet,8,9726.07,Central,returned,2025-04-29,Aayush Chaudhary
ORD-00912,Nachiket Yadav,Mouse,3,6420.44,East,pending,2025-10-04,Yamini Soman
ORD-00913,Mahika Bhatti,Speaker,8,7032.43,West,pending,2025-12-24,Qasim Sarraf
ORD-00914,Rajeshri Khare,Mouse,2,8530.04,South,returned,2025-11-14,Pratyush Pant
ORD-00915,Yash Chadha,Camera,6,7996.64,East,cancelled,2025-05-04,Panini Kala
ORD-00916,Jack Setty,Tablet,6,4096.62,West,completed,2025-07-07,Nikita Chowdhury
ORD-00917,Dayamai Gill,Charger,2,9686.66,East,pending,2025-05-03,Jatin Shukla
ORD-00918,Advik Devan,Monitor,9,8282.51,South,returned,2026-01-18,Zinal Deshpande
ORD-00919,Nihal Taneja,Mouse,9,5047.21,South,cancelled,2025-04-30,Jalsa Mani
ORD-00920,Zansi Lad,Phone,5,3363.08,West,cancelled,2025-09-29,Fitan Narang
ORD-00921,Kamya Date,Mouse,5,2978.21,North,cancelled,2025-06-05,Jack Rajan
ORD-00922,Jacob Balan,Keyboard,3,5562.64,South,pending,2025-11-11,Tanmayi Muni
ORD-00923,Pushti Magar,Monitor,3,1478.82,South,returned,2025-06-05,Upkaar Reddy
ORD-00924,Adya Bose,Keyboard,6,8552.74,South,completed,2026-01-16,Priya Gulati
ORD-00925,Tamanna Vaidya,Keyboard,9,7924.38,South,returned,2025-06-30,Vamakshi Pillai
ORD-00926,Christopher Tata,Phone,4,8961.72,North,returned,2026-02-05,Agastya Swamy
ORD-00927,Jhalak Dugar,Tablet,2,7669.09,Central,cancelled,2025-10-09,Meghana Sarma
ORD-00928,Harshil D’Alia,Keyboard,4,649.24,Central,completed,2025-06-06,Jagdish Dhar
ORD-00929,Yashodhara Agate,Monitor,3,6335.56,South,pending,2025-08-06,Nandini Chaudry
ORD-00930,Advik Konda,Mouse,4,8398.68,North,pending,2025-12-18,Dhruv Patla
ORD-00931,Urmi Patla,Camera,8,358.56,East,cancelled,2025-08-26,Hamsini Iyer
ORD-00932,Mason Gola,Monitor,1,9307.44,North,pending,2025-07-12,Jason Kaul
ORD-00933,Oni Kapur,Speaker,6,1747.24,West,returned,2025-05-21,Xalak Mallick
ORD-00934,Yuvraj Saha,Laptop,9,4672.88,East,cancelled,2025-04-04,Mugdha Parekh
ORD-00935,Anika Brahmbhatt,Mouse,10,9919.01,Central,completed,2025-10-18,Nidhi Sundaram
ORD-00936,Jagdish Thakkar,Phone,6,4391.43,Central,returned,2025-09-28,Manan Sha
ORD-00937,Praneel Kapoor,Keyboard,8,9956.8,North,completed,2026-03-08,Jason Krishna
ORD-00938,Nandini Biswas,Camera,9,9111.19,Central,completed,2025-06-08,Widisha Kashyap
ORD-00939,Barkha Mukhopadhyay,Keyboard,3,8844.05,North,returned,2025-12-12,Ayushman Chaudhary
ORD-00940,Gabriel Shan,Phone,10,3157.28,North,completed,2026-03-17,Ekansh Tara
ORD-00941,Jyoti Iyer,Monitor,2,8768.35,North,cancelled,2025-09-22,Praneel Raja
ORD-00942,Daksha Kibe,Speaker,2,8789.63,North,cancelled,2025-07-26,Michael Mitter
ORD-00943,Jyoti Tak,Laptop,5,1113.73,North,returned,2025-06-19,Faraj Venkatesh
ORD-00944,Yatan Dora,Speaker,7,3731.27,West,pending,2025-03-21,Unnati Jaggi
ORD-00945,Nimrat Bajwa,Mouse,8,1006.72,West,completed,2025-03-24,Widisha Swaminathan
ORD-00946,Hiral Andra,Monitor,9,6711.19,West,returned,2025-12-05,Hemal Zachariah
ORD-00947,Aarav Puri,Laptop,7,6558.33,North,completed,2025-04-23,Azad Sani
ORD-00948,Hemang Jha,Headphones,7,706.52,Central,returned,2026-03-07,Leela Sengupta
ORD-00949,Oni Swamy,Speaker,10,6329.92,East,completed,2025-05-01,Krisha Savant
ORD-00950,Lucky Mammen,Keyboard,2,7313.69,West,pending,2026-02-07,Balendra Bali
ORD-00951,Caleb Kata,Charger,3,7600.28,South,returned,2025-10-28,Chavvi Gala
ORD-00952,Kashish Shanker,Mouse,6,4405.46,South,cancelled,2025-12-04,Raagini Desai
ORD-00953,Girish Tiwari,Mouse,2,1092.75,North,pending,2025-09-27,Lopa Sura
ORD-00954,Meera Borde,Laptop,8,1131.8,East,cancelled,2025-05-16,Vritti Zacharia
ORD-00955,Radhika De,Headphones,8,2290.53,West,pending,2025-04-23,Vamakshi Dugar
ORD-00956,Bishakha Lal,Camera,9,962.8,North,cancelled,2026-01-16,Mahika Lall
ORD-00957,Maya Narain,Speaker,6,6017.06,Central,pending,2025-10-04,Krishna Pandit
ORD-00958,Sneha Magar,Tablet,3,5289.55,East,completed,2025-04-18,Ekani Bhat
ORD-00959,Falan Jain,Camera,9,4560.66,Central,cancelled,2025-12-26,Chakradev Dave
ORD-00960,Ikbal Dugal,Mouse,10,278.01,Central,completed,2025-12-26,Ikshita Bala
ORD-00961,Nitesh Sengupta,Mouse,3,3566.03,South,returned,2025-04-28,Lajita Chatterjee
ORD-00962,Dipta Ray,Phone,3,1380.82,West,completed,2026-03-06,Hemani Parikh
ORD-00963,Ishita Johal,Laptop,7,8630.33,North,cancelled,2025-06-27,Indali Bhalla
ORD-00964,Darika Sheth,Charger,9,7000.5,Central,pending,2025-11-25,Yug Keer
ORD-00965,Jagdish Chana,Headphones,1,4880.46,Central,completed,2025-06-17,Frado Bhatti
ORD-00966,Daksha Baria,Tablet,2,2442.68,North,pending,2025-09-13,Ishwar Nazareth
ORD-00967,Falak Divan,Camera,9,1074.44,East,returned,2025-07-12,Anmol Yohannan
ORD-00968,Yuvraj Parekh,Speaker,3,8097.38,North,returned,2025-06-30,Baljiwan Sharma
ORD-00969,Yochana Bawa,Laptop,5,1210.38,North,cancelled,2025-09-16,Yutika Sama
ORD-00970,Abha Ghosh,Speaker,3,3801.1,West,pending,2025-04-08,Anmol Singh
ORD-00971,Nidhi Sethi,Monitor,3,3131.7,South,completed,2025-04-27,Edhitha Purohit
ORD-00972,Girindra Shere,Phone,6,3949.67,Central,completed,2026-01-29,Ekantika Chaudhari
ORD-00973,Logan Dara,Headphones,4,8170.01,South,returned,2025-05-26,Harish Jha
ORD-00974,David Kapadia,Phone,6,8769.07,East,pending,2026-02-22,Watika Thakkar
ORD-00975,Rudra Rattan,Mouse,9,6486.45,Central,pending,2025-04-04,Ojas Mistry
ORD-00976,Frado Lad,Phone,5,6834.94,South,returned,2026-02-13,Rajata Jaggi
ORD-00977,Anthony Bhattacharyya,Tablet,2,869.43,East,completed,2025-07-10,Faqid Wason
ORD-00978,Sachi Dave,Mouse,5,5719.25,West,returned,2025-08-06,Bhavna Lanka
ORD-00979,Garima Das,Camera,4,6180.13,East,pending,2026-01-25,Chameli Ratti
ORD-00980,Triya Bedi,Speaker,9,1807.34,South,completed,2025-12-07,George Chandran
ORD-00981,Rachita Rana,Camera,5,3640.64,North,returned,2025-07-19,Anjali Bhavsar
ORD-00982,Ayushman Raja,Monitor,3,2286.94,Central,pending,2025-09-01,Prisha Kadakia
ORD-00983,Orinder Pandya,Mouse,5,7532.03,West,pending,2025-12-31,Faraj Mittal
ORD-00984,Rachit Maharaj,Mouse,10,9213.96,South,cancelled,2025-05-04,Rachita Zacharia
ORD-00985,Sanaya Dixit,Headphones,9,6236.54,West,cancelled,2025-04-25,Ryan Sachdeva
ORD-00986,Yatan Merchant,Mouse,2,4534.36,East,returned,2026-02-13,Zayan Varma
ORD-00987,Nisha Srinivas,Speaker,9,2328.0,South,completed,2026-01-08,Pranit Bahl
ORD-00988,Gagan Mammen,Tablet,3,8985.61,North,completed,2026-02-28,Xalak Kala
ORD-00989,Laksh Saini,Monitor,10,1571.13,North,cancelled,2025-04-06,Amrita Walia
ORD-00990,Zaid Bahl,Headphones,10,1405.94,North,pending,2025-03-23,Darpan Vig
ORD-00991,Jagrati Srinivasan,Charger,3,7353.09,North,cancelled,2026-02-13,Janya Shere
ORD-00992,Hemangini Thakkar,Speaker,3,3644.05,Central,returned,2025-05-12,Wridesh Dora
ORD-00993,Lipika Madan,Tablet,10,4407.01,West,cancelled,2025-12-02,Radhika Roy
ORD-00994,Atharv Nagar,Phone,10,7951.55,South,completed,2025-11-26,Devansh Jani
ORD-00995,Ayushman Mand,Camera,6,2627.31,North,returned,2025-05-25,Amara Mangat
ORD-00996,Urmi Wagle,Monitor,10,6516.28,Central,completed,2025-07-25,Aahana Keer
ORD-00997,Viraj Dutta,Keyboard,1,2631.04,North,returned,2025-08-05,William Comar
ORD-00998,Yug Khosla,Speaker,1,6088.79,North,pending,2026-03-02,Rehaan Bala
ORD-00999,Daksh Kanda,Camera,2,7266.56,East,cancelled,2025-09-05,Dayita Shetty
ORD-01000,Isha Ghose,Laptop,1,2991.22,South,completed,2025-11-16,Rajata Sami
